-- MariaDB dump 10.19  Distrib 10.11.7-MariaDB, for debian-linux-gnu (x86_64)
--
-- Host: localhost    Database: cim
-- ------------------------------------------------------
-- Server version	10.11.7-MariaDB-1

/*!40101 SET @OLD_CHARACTER_SET_CLIENT=@@CHARACTER_SET_CLIENT */;
/*!40101 SET @OLD_CHARACTER_SET_RESULTS=@@CHARACTER_SET_RESULTS */;
/*!40101 SET @OLD_COLLATION_CONNECTION=@@COLLATION_CONNECTION */;
/*!40101 SET NAMES utf8mb4 */;
/*!40103 SET @OLD_TIME_ZONE=@@TIME_ZONE */;
/*!40103 SET TIME_ZONE='+00:00' */;
/*!40014 SET @OLD_UNIQUE_CHECKS=@@UNIQUE_CHECKS, UNIQUE_CHECKS=0 */;
/*!40014 SET @OLD_FOREIGN_KEY_CHECKS=@@FOREIGN_KEY_CHECKS, FOREIGN_KEY_CHECKS=0 */;
/*!40101 SET @OLD_SQL_MODE=@@SQL_MODE, SQL_MODE='NO_AUTO_VALUE_ON_ZERO' */;
/*!40111 SET @OLD_SQL_NOTES=@@SQL_NOTES, SQL_NOTES=0 */;

--
-- Table structure for table `areas`
--

DROP TABLE IF EXISTS `areas`;
/*!40101 SET @saved_cs_client     = @@character_set_client */;
/*!40101 SET character_set_client = utf8 */;
CREATE TABLE `areas` (
  `Id` int(11) NOT NULL AUTO_INCREMENT,
  `Name` varchar(20) NOT NULL,
  PRIMARY KEY (`Id`)
) ENGINE=InnoDB AUTO_INCREMENT=23 DEFAULT CHARSET=utf8mb3 COLLATE=utf8mb3_general_ci;
/*!40101 SET character_set_client = @saved_cs_client */;

--
-- Dumping data for table `areas`
--

LOCK TABLES `areas` WRITE;
/*!40000 ALTER TABLE `areas` DISABLE KEYS */;
INSERT INTO `areas` VALUES
(1,'Calidad general'),
(2,'Cono'),
(3,'Staff'),
(4,'Varios'),
(5,'CSI CB'),
(6,'CSI CM'),
(7,'Earthlite'),
(8,'Zendog'),
(9,'Productos varios'),
(10,'Cortes varios'),
(11,'Fire pit'),
(12,'Headrest'),
(13,'Calidad CSI'),
(15,'Serigrafia'),
(16,'Almacen'),
(17,'Corte'),
(18,'Owlee'),
(19,'Mantenimiento'),
(20,'Ingenieria'),
(21,'Import-Export'),
(22,'Desconocida');
/*!40000 ALTER TABLE `areas` ENABLE KEYS */;
UNLOCK TABLES;

--
-- Table structure for table `assistance`
--

DROP TABLE IF EXISTS `assistance`;
/*!40101 SET @saved_cs_client     = @@character_set_client */;
/*!40101 SET character_set_client = utf8 */;
CREATE TABLE `assistance` (
  `Id` int(11) NOT NULL AUTO_INCREMENT,
  `EmployeeId` int(11) NOT NULL,
  `IncidenceId0` int(11) NOT NULL,
  `Date` date NOT NULL,
  `AreaId` int(11) NOT NULL,
  `PositionId` int(11) NOT NULL,
  `IncidenceId1` int(11) NOT NULL,
  `IncidenceId2` int(11) NOT NULL,
  `IncidenceId3` int(11) NOT NULL,
  `IncidenceId4` int(11) NOT NULL,
  PRIMARY KEY (`Id`),
  KEY `assistance_relation_2` (`EmployeeId`),
  KEY `assistance_relation_3` (`AreaId`),
  KEY `assistance_relation_4` (`PositionId`),
  KEY `assistance_relation_5` (`IncidenceId0`),
  KEY `assistance_relation_6` (`IncidenceId1`),
  KEY `assistance_relation_7` (`IncidenceId2`),
  KEY `assistance_relation_8` (`IncidenceId3`),
  CONSTRAINT `assistance_relation_2` FOREIGN KEY (`EmployeeId`) REFERENCES `employees` (`Id`),
  CONSTRAINT `assistance_relation_3` FOREIGN KEY (`AreaId`) REFERENCES `areas` (`Id`),
  CONSTRAINT `assistance_relation_4` FOREIGN KEY (`PositionId`) REFERENCES `positions` (`Id`),
  CONSTRAINT `assistance_relation_5` FOREIGN KEY (`IncidenceId0`) REFERENCES `incidences` (`Id`),
  CONSTRAINT `assistance_relation_6` FOREIGN KEY (`IncidenceId1`) REFERENCES `incidences` (`Id`),
  CONSTRAINT `assistance_relation_7` FOREIGN KEY (`IncidenceId2`) REFERENCES `incidences` (`Id`),
  CONSTRAINT `assistance_relation_8` FOREIGN KEY (`IncidenceId3`) REFERENCES `incidences` (`Id`)
) ENGINE=InnoDB AUTO_INCREMENT=1107 DEFAULT CHARSET=utf8mb3 COLLATE=utf8mb3_general_ci;
/*!40101 SET character_set_client = @saved_cs_client */;

--
-- Dumping data for table `assistance`
--

LOCK TABLES `assistance` WRITE;
/*!40000 ALTER TABLE `assistance` DISABLE KEYS */;
INSERT INTO `assistance` VALUES
(527,1414,1,'2024-01-29',5,22,1,1,8,1),
(528,1415,1,'2024-01-29',22,1,1,1,1,1),
(529,1416,1,'2024-01-29',19,59,1,1,1,1),
(530,1417,1,'2024-01-29',15,59,1,1,1,1),
(531,1418,1,'2024-01-29',20,59,1,1,1,1),
(532,1419,1,'2024-01-29',6,59,1,1,1,1),
(533,1420,1,'2024-01-29',6,20,1,1,1,1),
(534,1421,1,'2024-01-29',17,59,1,1,1,1),
(535,1422,1,'2024-01-29',19,32,1,1,1,1),
(536,1423,1,'2024-01-29',5,59,1,1,1,1),
(537,1424,1,'2024-01-29',18,20,1,1,1,1),
(538,1425,1,'2024-01-29',17,59,1,1,1,1),
(539,1426,1,'2024-01-29',22,59,1,1,1,1),
(540,1427,1,'2024-01-29',6,20,1,1,1,1),
(541,1428,1,'2024-01-29',15,59,1,1,1,1),
(542,1429,1,'2024-01-29',5,1,1,1,1,1),
(543,1430,1,'2024-01-29',22,22,1,1,1,1),
(544,1431,1,'2024-01-29',22,59,1,1,1,1),
(545,1432,1,'2024-01-29',6,20,1,1,1,1),
(546,1433,1,'2024-01-29',20,42,1,1,1,1),
(547,1434,1,'2024-01-29',2,2,1,1,1,1),
(548,1435,1,'2024-01-29',6,20,1,1,1,1),
(549,1436,1,'2024-01-29',22,59,1,1,1,1),
(550,1437,1,'2024-01-29',21,59,1,1,1,1),
(551,1438,1,'2024-01-29',22,44,1,1,1,1),
(552,1439,1,'2024-01-29',19,59,1,1,1,1),
(553,1440,1,'2024-01-29',15,35,1,1,1,1),
(554,1441,1,'2024-01-29',6,18,1,1,1,1),
(555,1442,1,'2024-01-29',22,59,1,1,1,1),
(556,1443,1,'2024-01-29',6,20,1,1,1,1),
(557,1444,1,'2024-01-29',12,21,1,1,1,1),
(558,1445,1,'2024-01-29',18,2,1,1,1,1),
(559,1446,1,'2024-01-29',6,23,1,1,1,1),
(560,1447,1,'2024-01-29',6,18,1,1,1,1),
(561,1448,1,'2024-01-29',5,18,1,1,1,1),
(562,1449,1,'2024-01-29',2,2,1,1,1,1),
(563,1450,1,'2024-01-29',22,59,1,1,1,1),
(564,1451,1,'2024-01-29',22,59,1,1,1,1),
(565,1452,1,'2024-01-29',22,59,1,1,1,1),
(566,1453,1,'2024-01-29',22,59,1,1,1,1),
(567,1454,1,'2024-01-29',22,25,1,1,1,1),
(568,1455,1,'2024-01-29',22,20,1,1,1,1),
(569,1456,1,'2024-01-29',2,1,1,1,1,1),
(570,1457,1,'2024-01-29',12,21,1,1,1,1),
(571,1458,1,'2024-01-29',5,24,1,1,1,1),
(572,1459,1,'2024-01-29',15,59,1,1,1,1),
(573,1460,1,'2024-01-29',10,1,1,1,1,1),
(574,1461,1,'2024-01-29',6,20,1,1,1,1),
(575,1462,1,'2024-01-29',17,1,1,1,1,1),
(576,1463,1,'2024-01-29',17,59,1,1,1,1),
(577,1464,1,'2024-01-29',17,59,1,1,1,1),
(578,1465,1,'2024-01-29',22,59,1,1,1,1),
(579,1466,1,'2024-01-29',20,48,1,1,1,1),
(580,1467,1,'2024-01-29',22,59,1,1,1,1),
(581,1468,1,'2024-01-29',15,59,1,1,1,1),
(582,1469,1,'2024-01-29',6,20,1,1,1,1),
(583,1470,1,'2024-01-29',6,18,1,1,1,1),
(584,1471,1,'2024-01-29',6,20,1,1,1,1),
(585,1472,1,'2024-01-29',15,22,1,1,1,1),
(586,1473,1,'2024-01-29',15,59,1,1,1,1),
(587,1474,1,'2024-01-29',6,1,1,1,1,1),
(588,1475,1,'2024-01-29',12,21,1,1,1,1),
(589,1476,1,'2024-01-29',22,59,1,1,1,1),
(590,1477,1,'2024-01-29',22,59,1,1,1,1),
(591,1478,1,'2024-01-29',11,18,1,1,1,1),
(592,1479,1,'2024-01-29',6,23,1,1,1,1),
(593,1480,1,'2024-01-29',22,59,1,1,1,1),
(594,1481,1,'2024-01-29',5,18,1,1,1,1),
(595,1482,1,'2024-01-29',5,20,1,1,1,1),
(596,1483,1,'2024-01-29',12,21,1,1,1,1),
(597,1484,1,'2024-01-29',10,1,1,1,1,1),
(598,1485,1,'2024-01-29',22,59,1,1,1,1),
(599,1486,1,'2024-01-29',2,2,1,1,1,1),
(600,1487,1,'2024-01-29',5,23,1,1,1,1),
(601,1488,1,'2024-01-29',22,58,1,1,1,1),
(602,1489,1,'2024-01-29',22,28,1,1,1,1),
(603,1490,1,'2024-01-29',22,59,1,1,1,1),
(604,1491,1,'2024-01-29',22,25,1,1,1,1),
(605,1492,1,'2024-01-29',8,2,1,1,1,1),
(606,1493,1,'2024-01-29',22,59,1,1,1,1),
(607,1494,1,'2024-01-29',15,59,1,1,1,1),
(608,1495,1,'2024-01-29',17,59,1,1,1,1),
(609,1496,1,'2024-01-29',2,2,1,1,1,1),
(610,1497,1,'2024-01-29',16,23,1,1,1,1),
(611,1498,1,'2024-01-29',22,53,1,1,1,1),
(612,1499,1,'2024-01-29',6,59,1,1,1,1),
(613,1500,1,'2024-01-29',6,18,1,1,1,1),
(614,1501,1,'2024-01-29',18,20,1,1,1,1),
(615,1502,1,'2024-01-29',2,2,1,1,1,1),
(616,1503,1,'2024-01-29',17,22,1,1,1,1),
(617,1504,1,'2024-01-29',22,23,1,1,1,1),
(618,1505,1,'2024-01-29',6,18,1,1,1,1),
(619,1506,1,'2024-01-29',5,1,1,1,1,1),
(620,1507,1,'2024-01-29',22,59,1,1,1,1),
(621,1508,1,'2024-01-29',5,59,1,1,1,1),
(622,1509,1,'2024-01-29',22,59,1,1,1,1),
(623,1510,1,'2024-01-29',15,59,1,1,1,1),
(624,1511,1,'2024-01-29',10,1,1,1,1,1),
(625,1512,1,'2024-01-29',21,59,1,1,1,1),
(626,1513,1,'2024-01-29',22,2,1,1,1,1),
(627,1514,1,'2024-01-29',6,1,1,1,1,1),
(628,1515,1,'2024-01-29',22,57,1,1,1,1),
(629,1516,1,'2024-01-29',22,25,1,1,1,1),
(630,1517,1,'2024-01-29',6,20,1,1,1,1),
(631,1518,1,'2024-01-29',19,59,1,1,1,1),
(632,1519,1,'2024-01-29',22,59,1,1,1,1),
(633,1520,1,'2024-01-29',10,1,1,1,1,1),
(634,1521,1,'2024-01-29',13,59,1,1,1,1),
(635,1522,1,'2024-01-29',6,20,1,1,1,1),
(636,1523,1,'2024-01-29',5,20,1,1,1,1),
(637,1524,1,'2024-01-29',16,38,1,1,1,1),
(638,1525,1,'2024-01-29',22,59,1,1,1,1),
(639,1526,1,'2024-01-29',22,20,1,1,1,1),
(640,1527,1,'2024-01-29',5,20,1,1,1,1),
(641,1528,1,'2024-01-29',22,59,1,1,1,1),
(642,1529,1,'2024-01-29',22,59,1,1,1,1),
(643,1530,1,'2024-01-29',22,59,1,1,1,1),
(644,1531,1,'2024-01-29',22,59,1,1,1,1),
(645,1414,2,'2024-02-05',5,22,1,1,1,1),
(646,1415,1,'2024-02-05',22,1,1,1,1,1),
(647,1416,1,'2024-02-05',19,59,1,1,1,1),
(648,1417,1,'2024-02-05',15,59,1,1,1,1),
(649,1418,1,'2024-02-05',20,59,1,1,1,1),
(650,1419,1,'2024-02-05',6,59,1,1,1,1),
(651,1420,1,'2024-02-05',6,20,1,1,1,1),
(652,1421,1,'2024-02-05',17,59,1,1,1,1),
(653,1422,1,'2024-02-05',19,32,1,1,1,1),
(654,1423,1,'2024-02-05',5,59,1,2,1,1),
(655,1424,1,'2024-02-05',18,20,1,1,1,1),
(656,1425,1,'2024-02-05',17,59,1,1,1,1),
(657,1426,1,'2024-02-05',22,59,1,1,1,1),
(658,1427,1,'2024-02-05',6,20,1,1,1,1),
(659,1428,1,'2024-02-05',15,59,1,1,1,1),
(660,1429,1,'2024-02-05',5,1,1,2,1,1),
(661,1430,1,'2024-02-05',22,22,1,1,1,1),
(662,1431,1,'2024-02-05',22,59,1,1,1,1),
(663,1432,1,'2024-02-05',6,20,1,1,1,1),
(664,1433,1,'2024-02-05',20,42,1,1,1,1),
(665,1434,1,'2024-02-05',2,2,1,1,1,1),
(666,1435,1,'2024-02-05',6,20,1,1,1,1),
(667,1436,1,'2024-02-05',22,59,1,1,1,1),
(668,1437,1,'2024-02-05',21,59,1,1,1,1),
(669,1438,1,'2024-02-05',22,44,1,1,1,1),
(670,1439,1,'2024-02-05',19,59,1,1,1,1),
(671,1440,1,'2024-02-05',15,35,1,1,1,1),
(672,1441,1,'2024-02-05',6,18,1,1,1,1),
(673,1442,1,'2024-02-05',22,59,1,1,1,1),
(674,1443,1,'2024-02-05',6,20,1,1,1,1),
(675,1444,1,'2024-02-05',12,21,1,1,1,1),
(676,1445,1,'2024-02-05',18,2,1,1,1,1),
(677,1446,1,'2024-02-05',6,23,1,1,1,1),
(678,1447,1,'2024-02-05',6,18,1,1,1,1),
(679,1448,1,'2024-02-05',5,18,1,2,1,1),
(680,1449,1,'2024-02-05',2,2,1,1,1,1),
(681,1450,1,'2024-02-05',22,59,1,1,1,1),
(682,1451,1,'2024-02-05',22,59,1,1,1,1),
(683,1452,1,'2024-02-05',22,59,1,1,1,1),
(684,1453,1,'2024-02-05',22,59,1,1,1,1),
(685,1454,1,'2024-02-05',22,25,1,1,1,1),
(686,1455,1,'2024-02-05',22,20,1,1,1,1),
(687,1456,1,'2024-02-05',2,1,1,1,1,1),
(688,1457,1,'2024-02-05',12,21,1,1,1,1),
(689,1458,1,'2024-02-05',5,24,1,2,1,1),
(690,1459,1,'2024-02-05',15,59,1,1,1,1),
(691,1460,1,'2024-02-05',10,1,1,1,1,1),
(692,1461,1,'2024-02-05',6,20,1,1,1,1),
(693,1462,1,'2024-02-05',17,1,1,1,1,1),
(694,1463,1,'2024-02-05',17,59,1,1,1,1),
(695,1464,1,'2024-02-05',17,59,1,1,1,1),
(696,1465,1,'2024-02-05',22,59,1,1,1,1),
(697,1466,1,'2024-02-05',20,48,1,1,1,1),
(698,1467,1,'2024-02-05',22,59,1,1,1,1),
(699,1468,1,'2024-02-05',15,59,1,1,1,1),
(700,1469,1,'2024-02-05',6,20,1,1,1,1),
(701,1470,1,'2024-02-05',6,18,1,1,1,1),
(702,1471,1,'2024-02-05',6,20,1,1,1,1),
(703,1472,1,'2024-02-05',15,22,1,1,1,1),
(704,1473,1,'2024-02-05',15,59,1,1,1,1),
(705,1474,1,'2024-02-05',6,1,1,1,1,1),
(706,1475,1,'2024-02-05',12,21,1,1,1,1),
(707,1476,1,'2024-02-05',22,59,1,1,1,1),
(708,1477,1,'2024-02-05',22,59,1,1,1,1),
(709,1478,1,'2024-02-05',11,18,1,1,1,1),
(710,1479,1,'2024-02-05',6,23,1,1,1,1),
(711,1480,1,'2024-02-05',22,59,1,1,1,1),
(712,1481,1,'2024-02-05',5,18,1,2,1,1),
(713,1482,1,'2024-02-05',5,20,1,1,1,1),
(714,1483,1,'2024-02-05',12,21,1,1,1,1),
(715,1484,1,'2024-02-05',10,1,1,1,1,1),
(716,1485,1,'2024-02-05',22,59,1,1,1,1),
(717,1486,1,'2024-02-05',2,2,1,1,1,1),
(718,1487,1,'2024-02-05',5,23,1,1,1,1),
(719,1488,1,'2024-02-05',22,58,1,1,1,1),
(720,1489,1,'2024-02-05',22,28,1,1,1,1),
(721,1490,1,'2024-02-05',22,59,1,1,1,1),
(722,1491,1,'2024-02-05',22,25,1,1,1,1),
(723,1492,1,'2024-02-05',8,2,1,1,1,1),
(724,1493,1,'2024-02-05',22,59,1,1,1,1),
(725,1494,1,'2024-02-05',15,59,1,1,1,1),
(726,1495,1,'2024-02-05',17,59,1,1,1,1),
(727,1496,1,'2024-02-05',2,2,1,1,1,1),
(728,1497,1,'2024-02-05',16,23,1,1,1,1),
(729,1498,1,'2024-02-05',22,53,1,1,1,1),
(730,1499,1,'2024-02-05',6,59,1,1,1,1),
(731,1500,1,'2024-02-05',6,18,1,1,1,1),
(732,1501,1,'2024-02-05',18,20,1,1,1,1),
(733,1502,1,'2024-02-05',2,2,1,1,1,1),
(734,1503,1,'2024-02-05',17,22,1,1,1,1),
(735,1504,1,'2024-02-05',22,23,1,1,1,1),
(736,1505,1,'2024-02-05',6,18,1,1,1,1),
(737,1506,1,'2024-02-05',5,1,1,1,1,1),
(738,1507,1,'2024-02-05',22,59,1,1,1,1),
(739,1508,1,'2024-02-05',5,59,1,1,1,1),
(740,1509,1,'2024-02-05',22,59,1,1,1,1),
(741,1510,1,'2024-02-05',15,59,1,1,1,1),
(742,1511,1,'2024-02-05',10,1,1,1,1,1),
(743,1512,1,'2024-02-05',21,59,1,1,1,1),
(744,1513,1,'2024-02-05',22,2,1,1,1,1),
(745,1514,1,'2024-02-05',6,1,1,1,1,1),
(746,1515,1,'2024-02-05',22,57,1,1,1,1),
(747,1516,1,'2024-02-05',22,25,1,1,1,1),
(748,1517,1,'2024-02-05',6,20,1,1,1,1),
(749,1518,1,'2024-02-05',19,59,1,1,1,1),
(750,1519,1,'2024-02-05',22,59,1,1,1,1),
(751,1520,1,'2024-02-05',10,1,1,1,1,1),
(752,1521,1,'2024-02-05',13,59,1,1,1,1),
(753,1522,1,'2024-02-05',6,20,1,1,1,1),
(754,1523,1,'2024-02-05',5,20,1,1,1,1),
(755,1524,1,'2024-02-05',16,38,1,1,1,1),
(756,1525,1,'2024-02-05',22,59,1,1,1,1),
(757,1526,1,'2024-02-05',22,20,1,1,1,1),
(758,1527,1,'2024-02-05',5,20,1,1,1,1),
(759,1528,1,'2024-02-05',22,59,1,1,1,1),
(760,1529,1,'2024-02-05',22,59,1,1,1,1),
(761,1530,1,'2024-02-05',22,59,1,1,1,1),
(762,1531,1,'2024-02-05',22,59,1,1,1,1),
(763,1414,2,'2024-02-12',5,22,2,2,2,2),
(764,1415,3,'2024-02-12',22,1,4,5,1,1),
(765,1416,1,'2024-02-12',19,59,1,1,1,1),
(766,1417,1,'2024-02-12',15,59,1,1,1,1),
(767,1418,1,'2024-02-12',20,59,1,1,1,1),
(768,1419,1,'2024-02-12',6,59,1,1,1,1),
(769,1420,1,'2024-02-12',6,20,1,1,1,1),
(770,1421,1,'2024-02-12',17,59,1,1,1,1),
(771,1422,1,'2024-02-12',19,32,1,1,1,1),
(772,1423,3,'2024-02-12',5,59,3,4,1,1),
(773,1424,1,'2024-02-12',18,20,1,1,1,1),
(774,1425,1,'2024-02-12',17,59,1,1,1,1),
(775,1426,1,'2024-02-12',22,59,1,1,1,1),
(776,1427,1,'2024-02-12',6,20,1,1,1,1),
(777,1428,1,'2024-02-12',15,59,1,1,1,1),
(778,1429,1,'2024-02-12',5,1,3,7,1,1),
(779,1430,1,'2024-02-12',22,22,1,6,1,1),
(780,1431,1,'2024-02-12',22,59,1,1,1,1),
(781,1432,1,'2024-02-12',6,20,1,1,1,1),
(782,1433,1,'2024-02-12',20,42,1,1,1,1),
(783,1434,1,'2024-02-12',2,2,1,1,1,1),
(784,1435,1,'2024-02-12',6,20,1,1,1,1),
(785,1436,1,'2024-02-12',22,59,1,1,1,1),
(786,1437,1,'2024-02-12',21,59,1,1,1,1),
(787,1438,1,'2024-02-12',22,44,1,1,1,1),
(788,1439,1,'2024-02-12',19,59,1,1,1,1),
(789,1440,1,'2024-02-12',15,35,1,1,1,1),
(790,1441,1,'2024-02-12',6,18,1,1,1,1),
(791,1442,1,'2024-02-12',22,59,1,3,1,4),
(792,1443,1,'2024-02-12',6,20,1,1,1,1),
(793,1444,1,'2024-02-12',12,21,1,1,1,1),
(794,1445,1,'2024-02-12',18,2,1,1,1,1),
(795,1446,1,'2024-02-12',6,23,1,1,1,1),
(796,1447,1,'2024-02-12',6,18,1,1,1,1),
(797,1448,1,'2024-02-12',5,18,8,4,3,1),
(798,1449,1,'2024-02-12',2,2,1,1,1,1),
(799,1450,1,'2024-02-12',22,59,1,5,1,4),
(800,1451,1,'2024-02-12',22,59,1,1,1,4),
(801,1452,1,'2024-02-12',22,59,1,1,1,4),
(802,1453,1,'2024-02-12',22,59,1,1,1,4),
(803,1454,1,'2024-02-12',22,25,1,1,1,4),
(804,1455,1,'2024-02-12',22,20,1,1,1,4),
(805,1456,1,'2024-02-12',2,1,1,1,1,1),
(806,1457,1,'2024-02-12',12,21,1,1,1,1),
(807,1458,6,'2024-02-12',5,24,6,4,1,1),
(808,1459,1,'2024-02-12',15,59,1,1,1,1),
(809,1460,1,'2024-02-12',10,1,1,1,1,1),
(810,1461,1,'2024-02-12',6,20,1,1,1,1),
(811,1462,1,'2024-02-12',17,1,1,1,1,1),
(812,1463,1,'2024-02-12',17,59,1,1,1,1),
(813,1464,1,'2024-02-12',17,59,1,1,1,1),
(814,1465,1,'2024-02-12',22,59,1,1,1,4),
(815,1466,1,'2024-02-12',20,48,1,1,1,1),
(816,1467,1,'2024-02-12',22,59,1,1,1,1),
(817,1468,1,'2024-02-12',15,59,1,1,1,1),
(818,1469,1,'2024-02-12',6,20,1,1,1,1),
(819,1470,1,'2024-02-12',6,18,1,1,1,1),
(820,1471,1,'2024-02-12',6,20,1,1,1,1),
(821,1472,1,'2024-02-12',15,22,1,1,1,1),
(822,1473,1,'2024-02-12',15,59,1,1,1,1),
(823,1474,1,'2024-02-12',6,1,1,1,1,1),
(824,1475,1,'2024-02-12',12,21,5,1,1,4),
(825,1476,1,'2024-02-12',22,59,1,1,1,1),
(826,1477,1,'2024-02-12',22,59,1,1,1,1),
(827,1478,1,'2024-02-12',11,18,1,1,1,1),
(828,1479,1,'2024-02-12',6,23,1,1,1,1),
(829,1480,1,'2024-02-12',22,59,1,1,1,1),
(830,1481,5,'2024-02-12',5,18,1,4,3,1),
(831,1482,1,'2024-02-12',5,20,1,4,1,1),
(832,1483,1,'2024-02-12',12,21,1,4,1,1),
(833,1484,1,'2024-02-12',10,1,1,1,1,1),
(834,1485,1,'2024-02-12',22,59,1,1,1,1),
(835,1486,1,'2024-02-12',2,2,1,1,1,1),
(836,1487,1,'2024-02-12',5,23,1,4,5,1),
(837,1488,1,'2024-02-12',22,58,1,1,1,1),
(838,1489,1,'2024-02-12',22,28,1,1,1,1),
(839,1490,1,'2024-02-12',22,59,1,1,1,1),
(840,1491,1,'2024-02-12',22,25,1,1,1,1),
(841,1492,1,'2024-02-12',8,2,1,1,1,1),
(842,1493,1,'2024-02-12',22,59,1,1,1,1),
(843,1494,1,'2024-02-12',15,59,1,1,1,1),
(844,1495,1,'2024-02-12',17,59,1,1,1,1),
(845,1496,1,'2024-02-12',2,2,1,1,1,1),
(846,1497,1,'2024-02-12',16,23,1,1,1,1),
(847,1498,1,'2024-02-12',22,53,1,1,1,1),
(848,1499,1,'2024-02-12',6,59,1,1,1,1),
(849,1500,1,'2024-02-12',6,18,1,1,1,1),
(850,1501,1,'2024-02-12',18,20,1,1,1,1),
(851,1502,1,'2024-02-12',2,2,1,1,1,1),
(852,1503,1,'2024-02-12',17,22,1,1,1,1),
(853,1504,1,'2024-02-12',22,23,1,1,1,1),
(854,1505,1,'2024-02-12',6,18,1,1,1,1),
(855,1506,1,'2024-02-12',5,1,8,4,1,1),
(856,1507,1,'2024-02-12',22,59,1,1,1,1),
(857,1508,1,'2024-02-12',5,59,1,8,1,1),
(858,1509,1,'2024-02-12',22,59,1,1,1,1),
(859,1510,1,'2024-02-12',15,59,1,1,1,1),
(860,1511,1,'2024-02-12',10,1,1,1,1,1),
(861,1512,1,'2024-02-12',21,59,1,1,1,1),
(862,1513,1,'2024-02-12',22,2,1,1,1,1),
(863,1514,1,'2024-02-12',6,1,1,1,1,1),
(864,1515,1,'2024-02-12',22,57,1,1,1,1),
(865,1516,1,'2024-02-12',22,25,1,1,1,1),
(866,1517,1,'2024-02-12',6,20,1,1,1,1),
(867,1518,1,'2024-02-12',19,59,1,1,1,1),
(868,1519,1,'2024-02-12',22,59,1,1,1,1),
(869,1520,1,'2024-02-12',10,1,1,1,1,1),
(870,1521,1,'2024-02-12',13,59,1,1,1,1),
(871,1522,1,'2024-02-12',6,20,1,1,1,1),
(872,1523,1,'2024-02-12',5,20,7,4,1,1),
(873,1524,1,'2024-02-12',16,38,1,1,1,1),
(874,1525,1,'2024-02-12',22,59,1,1,1,1),
(875,1526,1,'2024-02-12',22,20,1,1,1,1),
(876,1527,5,'2024-02-12',5,20,1,4,1,1),
(877,1528,1,'2024-02-12',22,59,1,1,1,1),
(878,1529,1,'2024-02-12',22,59,1,1,1,1),
(879,1530,1,'2024-02-12',22,59,1,1,1,1),
(880,1531,1,'2024-02-12',22,59,1,1,1,1),
(881,1414,1,'2024-02-19',5,22,3,4,4,4),
(882,1415,1,'2024-02-19',22,1,1,1,1,1),
(883,1416,1,'2024-02-19',19,59,1,1,1,1),
(884,1417,1,'2024-02-19',15,59,1,1,1,1),
(885,1418,1,'2024-02-19',20,59,9,1,1,1),
(886,1419,1,'2024-02-19',6,59,1,1,1,1),
(887,1420,1,'2024-02-19',6,20,1,1,1,1),
(888,1421,1,'2024-02-19',17,59,1,1,1,1),
(889,1422,1,'2024-02-19',19,32,1,1,1,1),
(890,1423,1,'2024-02-19',5,59,2,1,1,1),
(891,1424,1,'2024-02-19',18,20,1,1,1,1),
(892,1425,1,'2024-02-19',17,59,1,1,1,1),
(893,1426,1,'2024-02-19',22,59,1,1,1,1),
(894,1427,1,'2024-02-19',6,20,1,1,1,1),
(895,1428,1,'2024-02-19',15,59,1,1,1,1),
(896,1429,3,'2024-02-19',5,1,4,1,2,1),
(897,1430,1,'2024-02-19',22,22,1,1,1,1),
(898,1431,1,'2024-02-19',22,59,1,1,1,1),
(899,1432,1,'2024-02-19',6,20,1,1,1,1),
(900,1433,1,'2024-02-19',20,42,1,1,2,1),
(901,1434,2,'2024-02-19',2,2,1,1,1,1),
(902,1435,1,'2024-02-19',6,20,1,1,1,1),
(903,1436,1,'2024-02-19',22,59,1,1,1,1),
(904,1437,1,'2024-02-19',21,59,1,1,1,1),
(905,1438,1,'2024-02-19',22,44,1,1,1,1),
(906,1439,1,'2024-02-19',19,59,1,1,1,1),
(907,1440,1,'2024-02-19',15,35,1,1,1,1),
(908,1441,1,'2024-02-19',6,18,1,1,1,1),
(909,1442,1,'2024-02-19',22,59,1,1,1,1),
(910,1443,1,'2024-02-19',6,20,1,1,1,1),
(911,1444,1,'2024-02-19',12,21,5,1,1,1),
(912,1445,1,'2024-02-19',18,2,1,1,1,1),
(913,1446,1,'2024-02-19',6,23,1,1,1,1),
(914,1447,1,'2024-02-19',6,18,1,1,1,1),
(915,1448,4,'2024-02-19',5,18,1,1,1,1),
(916,1449,1,'2024-02-19',2,2,3,1,1,1),
(917,1450,1,'2024-02-19',22,59,1,1,1,1),
(918,1451,1,'2024-02-19',22,59,1,1,1,1),
(919,1452,1,'2024-02-19',22,59,1,1,1,1),
(920,1453,1,'2024-02-19',22,59,1,1,1,1),
(921,1454,1,'2024-02-19',22,25,1,1,1,1),
(922,1455,1,'2024-02-19',22,20,1,1,1,1),
(923,1456,1,'2024-02-19',2,1,1,4,1,1),
(924,1457,1,'2024-02-19',12,21,6,1,1,1),
(925,1458,1,'2024-02-19',5,24,1,1,1,5),
(926,1459,1,'2024-02-19',15,59,1,1,1,1),
(927,1460,1,'2024-02-19',10,1,1,1,1,1),
(928,1461,1,'2024-02-19',6,20,1,1,1,1),
(929,1462,1,'2024-02-19',17,1,1,1,1,1),
(930,1463,1,'2024-02-19',17,59,1,1,1,1),
(931,1464,1,'2024-02-19',17,59,1,1,1,1),
(932,1465,1,'2024-02-19',22,59,1,1,1,1),
(933,1466,3,'2024-02-19',20,48,1,2,1,1),
(934,1467,1,'2024-02-19',22,59,1,1,1,1),
(935,1468,1,'2024-02-19',15,59,1,1,1,1),
(936,1469,1,'2024-02-19',6,20,1,1,1,1),
(937,1470,1,'2024-02-19',6,18,1,1,1,1),
(938,1471,1,'2024-02-19',6,20,1,1,1,1),
(939,1472,1,'2024-02-19',15,22,1,1,1,1),
(940,1473,1,'2024-02-19',15,59,1,1,1,1),
(941,1474,1,'2024-02-19',6,1,1,1,1,1),
(942,1475,1,'2024-02-19',12,21,1,1,1,1),
(943,1476,1,'2024-02-19',22,59,1,1,1,1),
(944,1477,1,'2024-02-19',22,59,1,1,1,1),
(945,1478,1,'2024-02-19',11,18,1,1,1,1),
(946,1479,1,'2024-02-19',6,23,1,1,1,1),
(947,1480,1,'2024-02-19',22,59,1,1,1,1),
(948,1481,1,'2024-02-19',5,18,1,3,1,1),
(949,1482,1,'2024-02-19',5,20,1,1,7,1),
(950,1483,1,'2024-02-19',12,21,1,1,1,1),
(951,1484,1,'2024-02-19',10,1,1,1,1,1),
(952,1485,1,'2024-02-19',22,59,1,1,1,1),
(953,1486,6,'2024-02-19',2,2,1,1,9,1),
(954,1487,1,'2024-02-19',5,23,1,1,4,1),
(955,1488,1,'2024-02-19',22,58,1,1,1,1),
(956,1489,1,'2024-02-19',22,28,1,1,1,1),
(957,1490,1,'2024-02-19',22,59,1,1,1,1),
(958,1491,1,'2024-02-19',22,25,1,1,1,1),
(959,1492,1,'2024-02-19',8,2,1,1,1,1),
(960,1493,1,'2024-02-19',22,59,1,1,1,1),
(961,1494,1,'2024-02-19',15,59,1,1,1,1),
(962,1495,1,'2024-02-19',17,59,1,1,1,1),
(963,1496,8,'2024-02-19',2,2,1,6,1,1),
(964,1497,1,'2024-02-19',16,23,1,1,1,1),
(965,1498,2,'2024-02-19',22,53,2,2,2,2),
(966,1499,1,'2024-02-19',6,59,1,1,1,1),
(967,1500,1,'2024-02-19',6,18,1,1,1,1),
(968,1501,1,'2024-02-19',18,20,1,1,1,1),
(969,1502,1,'2024-02-19',2,2,1,1,1,1),
(970,1503,1,'2024-02-19',17,22,1,1,1,1),
(971,1504,1,'2024-02-19',22,23,1,1,1,1),
(972,1505,1,'2024-02-19',6,18,1,1,1,1),
(973,1506,1,'2024-02-19',5,1,1,1,1,1),
(974,1507,1,'2024-02-19',22,59,1,1,1,1),
(975,1508,1,'2024-02-19',5,59,1,1,1,1),
(976,1509,1,'2024-02-19',22,59,1,1,1,1),
(977,1510,1,'2024-02-19',15,59,1,1,1,1),
(978,1511,1,'2024-02-19',10,1,1,1,1,1),
(979,1512,1,'2024-02-19',21,59,1,1,1,1),
(980,1513,1,'2024-02-19',22,2,1,1,1,1),
(981,1514,1,'2024-02-19',6,1,1,1,1,1),
(982,1515,1,'2024-02-19',22,57,1,1,1,1),
(983,1516,1,'2024-02-19',22,25,1,1,1,1),
(984,1517,1,'2024-02-19',6,20,1,1,1,1),
(985,1518,1,'2024-02-19',19,59,1,1,1,1),
(986,1519,1,'2024-02-19',22,59,1,1,1,1),
(987,1520,1,'2024-02-19',10,1,1,1,1,1),
(988,1521,1,'2024-02-19',13,59,1,1,1,1),
(989,1522,1,'2024-02-19',6,20,1,1,1,1),
(990,1523,1,'2024-02-19',5,20,1,1,1,1),
(991,1524,1,'2024-02-19',16,38,1,1,1,1),
(992,1525,1,'2024-02-19',22,59,1,1,1,1),
(993,1526,1,'2024-02-19',22,20,1,1,1,1),
(994,1527,1,'2024-02-19',5,20,1,1,1,1),
(995,1528,1,'2024-02-19',22,59,1,1,1,1),
(996,1529,1,'2024-02-19',22,59,1,1,1,1),
(997,1530,1,'2024-02-19',22,59,1,1,1,1),
(998,1531,1,'2024-02-19',22,59,1,1,1,1),
(999,1423,1,'2024-02-26',5,59,1,1,1,1),
(1000,1424,1,'2024-02-26',18,20,1,1,1,1),
(1001,1425,1,'2024-02-26',17,59,1,1,1,1),
(1002,1426,1,'2024-02-26',22,59,1,1,1,1),
(1003,1427,1,'2024-02-26',6,20,1,1,1,1),
(1004,1428,1,'2024-02-26',15,59,1,1,1,1),
(1005,1429,1,'2024-02-26',5,1,1,1,1,1),
(1006,1430,1,'2024-02-26',22,22,1,1,1,1),
(1007,1431,1,'2024-02-26',22,59,1,1,1,1),
(1008,1432,1,'2024-02-26',6,20,1,1,1,1),
(1009,1433,1,'2024-02-26',20,42,1,1,1,1),
(1010,1434,1,'2024-02-26',2,2,1,1,1,1),
(1011,1435,1,'2024-02-26',6,20,1,1,1,1),
(1012,1436,1,'2024-02-26',22,59,1,1,1,1),
(1013,1438,1,'2024-02-26',22,44,1,1,1,1),
(1014,1439,1,'2024-02-26',19,59,1,1,1,1),
(1015,1440,1,'2024-02-26',15,35,1,1,1,1),
(1016,1441,1,'2024-02-26',6,18,1,1,1,1),
(1017,1442,1,'2024-02-26',22,59,1,1,1,1),
(1018,1443,1,'2024-02-26',6,20,1,1,1,1),
(1019,1444,1,'2024-02-26',12,21,1,1,1,1),
(1020,1445,1,'2024-02-26',18,2,1,1,1,1),
(1021,1446,1,'2024-02-26',6,23,1,1,1,1),
(1022,1447,1,'2024-02-26',6,18,1,1,1,1),
(1023,1448,1,'2024-02-26',5,18,1,1,1,1),
(1024,1449,1,'2024-02-26',2,2,1,1,1,1),
(1025,1450,1,'2024-02-26',22,59,1,1,1,1),
(1026,1451,1,'2024-02-26',22,59,1,1,1,1),
(1027,1452,1,'2024-02-26',22,59,1,1,1,1),
(1028,1453,1,'2024-02-26',22,59,1,1,1,1),
(1029,1454,1,'2024-02-26',22,25,1,1,1,1),
(1030,1455,1,'2024-02-26',22,20,1,1,1,1),
(1031,1456,1,'2024-02-26',2,1,1,1,1,1),
(1032,1457,1,'2024-02-26',12,21,1,1,1,1),
(1033,1458,1,'2024-02-26',5,24,1,1,1,1),
(1034,1459,1,'2024-02-26',15,59,1,1,1,1),
(1035,1460,1,'2024-02-26',10,1,1,1,1,1),
(1036,1461,1,'2024-02-26',6,20,1,1,1,1),
(1037,1462,1,'2024-02-26',17,1,1,1,1,1),
(1038,1463,1,'2024-02-26',17,59,1,1,1,1),
(1039,1464,1,'2024-02-26',17,59,1,1,1,1),
(1040,1465,1,'2024-02-26',22,59,1,1,1,1),
(1041,1466,1,'2024-02-26',20,48,1,1,1,1),
(1042,1467,1,'2024-02-26',22,59,1,1,1,1),
(1043,1468,1,'2024-02-26',15,59,1,1,1,1),
(1044,1469,1,'2024-02-26',6,20,1,1,1,1),
(1045,1470,1,'2024-02-26',6,18,1,1,1,1),
(1046,1471,1,'2024-02-26',6,20,1,1,1,1),
(1047,1472,1,'2024-02-26',15,22,1,1,1,1),
(1048,1473,1,'2024-02-26',15,59,1,1,1,1),
(1049,1474,1,'2024-02-26',6,1,1,1,1,1),
(1050,1475,1,'2024-02-26',12,21,1,1,1,1),
(1051,1476,1,'2024-02-26',22,59,1,1,1,1),
(1052,1477,1,'2024-02-26',22,59,1,1,1,1),
(1053,1478,1,'2024-02-26',11,18,1,1,1,1),
(1054,1479,1,'2024-02-26',6,23,1,1,1,1),
(1055,1480,1,'2024-02-26',22,59,1,1,1,1),
(1056,1481,1,'2024-02-26',5,18,1,1,1,1),
(1057,1482,1,'2024-02-26',5,20,1,1,1,1),
(1058,1483,1,'2024-02-26',12,21,1,1,1,1),
(1059,1484,1,'2024-02-26',10,1,1,1,1,1),
(1060,1485,1,'2024-02-26',22,59,1,1,1,1),
(1061,1486,1,'2024-02-26',2,2,1,1,1,1),
(1062,1487,1,'2024-02-26',5,23,1,1,1,1),
(1063,1488,1,'2024-02-26',22,58,1,1,1,1),
(1064,1489,1,'2024-02-26',22,28,1,1,1,1),
(1065,1490,1,'2024-02-26',22,59,1,1,1,1),
(1066,1491,1,'2024-02-26',22,25,1,1,1,1),
(1067,1492,1,'2024-02-26',8,2,1,1,1,1),
(1068,1493,1,'2024-02-26',22,59,1,1,1,1),
(1069,1494,1,'2024-02-26',15,59,1,1,1,1),
(1070,1495,1,'2024-02-26',17,59,1,1,1,1),
(1071,1496,1,'2024-02-26',2,2,1,1,1,1),
(1072,1497,1,'2024-02-26',16,23,1,1,1,1),
(1073,1498,1,'2024-02-26',22,53,1,1,1,1),
(1074,1499,1,'2024-02-26',6,59,1,1,1,1),
(1075,1500,1,'2024-02-26',6,18,1,1,1,1),
(1076,1501,1,'2024-02-26',18,20,1,1,1,1),
(1077,1502,1,'2024-02-26',2,2,1,1,1,1),
(1078,1503,1,'2024-02-26',17,22,1,1,1,1),
(1079,1504,1,'2024-02-26',22,23,1,1,1,1),
(1080,1505,1,'2024-02-26',6,18,1,1,1,1),
(1081,1506,1,'2024-02-26',5,1,1,1,1,1),
(1082,1507,1,'2024-02-26',22,59,1,1,1,1),
(1083,1508,1,'2024-02-26',5,59,1,1,1,1),
(1084,1509,1,'2024-02-26',22,59,1,1,1,1),
(1085,1510,1,'2024-02-26',15,59,1,1,1,1),
(1086,1511,1,'2024-02-26',10,1,1,1,1,1),
(1087,1512,1,'2024-02-26',21,59,1,1,1,1),
(1088,1513,1,'2024-02-26',22,2,1,1,1,1),
(1089,1514,1,'2024-02-26',6,1,1,1,1,1),
(1090,1515,1,'2024-02-26',22,57,1,1,1,1),
(1091,1516,1,'2024-02-26',22,25,1,1,1,1),
(1092,1517,1,'2024-02-26',6,20,1,1,1,1),
(1093,1518,1,'2024-02-26',19,59,1,1,1,1),
(1094,1519,1,'2024-02-26',22,59,1,1,1,1),
(1095,1520,1,'2024-02-26',10,1,1,1,1,1),
(1096,1521,1,'2024-02-26',13,59,1,1,1,1),
(1097,1522,1,'2024-02-26',6,20,1,1,1,1),
(1098,1523,1,'2024-02-26',5,20,1,1,1,1),
(1099,1524,1,'2024-02-26',16,38,1,1,1,1),
(1100,1525,1,'2024-02-26',22,59,1,1,1,1),
(1101,1526,1,'2024-02-26',22,20,1,1,1,1),
(1102,1527,1,'2024-02-26',5,20,1,1,1,1),
(1103,1528,1,'2024-02-26',22,59,1,1,1,1),
(1104,1529,1,'2024-02-26',22,59,1,1,1,1),
(1105,1530,1,'2024-02-26',22,59,1,1,1,1),
(1106,1531,1,'2024-02-26',22,59,1,1,1,1);
/*!40000 ALTER TABLE `assistance` ENABLE KEYS */;
UNLOCK TABLES;

--
-- Table structure for table `clients`
--

DROP TABLE IF EXISTS `clients`;
/*!40101 SET @saved_cs_client     = @@character_set_client */;
/*!40101 SET character_set_client = utf8 */;
CREATE TABLE `clients` (
  `Id` int(11) NOT NULL AUTO_INCREMENT,
  `Name` varchar(45) NOT NULL,
  PRIMARY KEY (`Id`),
  UNIQUE KEY `Id_UNIQUE` (`Id`),
  UNIQUE KEY `Name_UNIQUE` (`Name`)
) ENGINE=InnoDB AUTO_INCREMENT=30 DEFAULT CHARSET=utf8mb3 COLLATE=utf8mb3_general_ci;
/*!40101 SET character_set_client = @saved_cs_client */;

--
-- Dumping data for table `clients`
--

LOCK TABLES `clients` WRITE;
/*!40000 ALTER TABLE `clients` DISABLE KEYS */;
INSERT INTO `clients` VALUES
(3,'CSI');
/*!40000 ALTER TABLE `clients` ENABLE KEYS */;
UNLOCK TABLES;

--
-- Table structure for table `destinys`
--

DROP TABLE IF EXISTS `destinys`;
/*!40101 SET @saved_cs_client     = @@character_set_client */;
/*!40101 SET character_set_client = utf8 */;
CREATE TABLE `destinys` (
  `Id` int(11) NOT NULL AUTO_INCREMENT,
  `Name` varchar(45) NOT NULL,
  PRIMARY KEY (`Id`),
  UNIQUE KEY `Id_UNIQUE` (`Id`)
) ENGINE=InnoDB AUTO_INCREMENT=5 DEFAULT CHARSET=utf8mb3 COLLATE=utf8mb3_general_ci;
/*!40101 SET character_set_client = @saved_cs_client */;

--
-- Dumping data for table `destinys`
--

LOCK TABLES `destinys` WRITE;
/*!40000 ALTER TABLE `destinys` DISABLE KEYS */;
INSERT INTO `destinys` VALUES
(1,'Destino1'),
(2,'Destino2'),
(3,'dasdasdas'),
(4,'fdsfdsfsdfs');
/*!40000 ALTER TABLE `destinys` ENABLE KEYS */;
UNLOCK TABLES;

--
-- Table structure for table `employeeproductivity`
--

DROP TABLE IF EXISTS `employeeproductivity`;
/*!40101 SET @saved_cs_client     = @@character_set_client */;
/*!40101 SET character_set_client = utf8 */;
CREATE TABLE `employeeproductivity` (
  `Id` int(11) NOT NULL AUTO_INCREMENT,
  `0Code0` varchar(50) DEFAULT NULL,
  `0goal0` int(11) DEFAULT NULL,
  `0produced0` int(11) DEFAULT NULL,
  `0Code1` varchar(50) DEFAULT NULL,
  `0goal1` int(11) DEFAULT NULL,
  `0produced1` int(11) DEFAULT NULL,
  `0Code2` varchar(50) DEFAULT NULL,
  `0goal2` int(11) DEFAULT NULL,
  `0produced2` int(11) DEFAULT NULL,
  `0Comment` varchar(100) DEFAULT NULL,
  `1Code0` varchar(50) DEFAULT NULL,
  `1goal0` int(11) DEFAULT NULL,
  `1produced0` int(11) DEFAULT NULL,
  `1Code1` varchar(50) DEFAULT NULL,
  `1goal1` int(11) DEFAULT NULL,
  `1produced1` int(11) DEFAULT NULL,
  `1Code2` varchar(50) DEFAULT NULL,
  `1goal2` int(11) DEFAULT NULL,
  `1produced2` int(11) DEFAULT NULL,
  `2Code0` varchar(50) DEFAULT NULL,
  `2goal0` int(11) DEFAULT NULL,
  `2produced0` int(11) DEFAULT NULL,
  `2Code1` varchar(50) DEFAULT NULL,
  `2goal1` int(11) DEFAULT NULL,
  `2produced1` int(11) DEFAULT NULL,
  `2Code2` varchar(50) DEFAULT NULL,
  `2goal2` int(11) DEFAULT NULL,
  `2produced2` int(11) DEFAULT NULL,
  `3Code0` varchar(50) DEFAULT NULL,
  `3goal0` int(11) DEFAULT NULL,
  `3produced0` int(11) DEFAULT NULL,
  `3Code1` varchar(50) DEFAULT NULL,
  `3goal1` int(11) DEFAULT NULL,
  `3produced1` int(11) DEFAULT NULL,
  `3Code2` varchar(50) DEFAULT NULL,
  `3goal2` int(11) DEFAULT NULL,
  `3produced2` int(11) DEFAULT NULL,
  `4Code0` varchar(50) DEFAULT NULL,
  `4goal0` int(11) DEFAULT NULL,
  `4produced0` int(11) DEFAULT NULL,
  `4Code1` varchar(50) DEFAULT NULL,
  `4goal1` int(11) DEFAULT NULL,
  `4produced1` int(11) DEFAULT NULL,
  `4Code2` varchar(50) DEFAULT NULL,
  `4goal2` int(11) DEFAULT NULL,
  `4produced2` int(11) DEFAULT NULL,
  `AssistanceId` int(11) NOT NULL,
  `1Comment` varchar(100) DEFAULT NULL,
  `2Comment` varchar(100) DEFAULT NULL,
  `3Comment` varchar(100) DEFAULT NULL,
  `4Comment` varchar(100) DEFAULT NULL,
  PRIMARY KEY (`Id`),
  KEY `employeeproductivity_relation_1` (`AssistanceId`),
  CONSTRAINT `employeeproductivity_relation_1` FOREIGN KEY (`AssistanceId`) REFERENCES `assistance` (`Id`)
) ENGINE=InnoDB AUTO_INCREMENT=415 DEFAULT CHARSET=utf8mb3 COLLATE=utf8mb3_general_ci;
/*!40101 SET character_set_client = @saved_cs_client */;

--
-- Dumping data for table `employeeproductivity`
--

LOCK TABLES `employeeproductivity` WRITE;
/*!40000 ALTER TABLE `employeeproductivity` DISABLE KEYS */;
INSERT INTO `employeeproductivity` VALUES
(173,NULL,NULL,NULL,NULL,NULL,NULL,NULL,NULL,NULL,NULL,NULL,NULL,NULL,NULL,NULL,NULL,NULL,NULL,NULL,NULL,NULL,NULL,NULL,NULL,NULL,NULL,NULL,NULL,NULL,NULL,NULL,NULL,NULL,NULL,NULL,NULL,NULL,NULL,NULL,NULL,NULL,NULL,NULL,NULL,NULL,NULL,527,NULL,NULL,NULL,NULL),
(174,NULL,NULL,NULL,NULL,NULL,NULL,NULL,NULL,NULL,NULL,NULL,NULL,NULL,NULL,NULL,NULL,NULL,NULL,NULL,NULL,NULL,NULL,NULL,NULL,NULL,NULL,NULL,NULL,NULL,NULL,NULL,NULL,NULL,NULL,NULL,NULL,NULL,NULL,NULL,NULL,NULL,NULL,NULL,NULL,NULL,NULL,532,NULL,NULL,NULL,NULL),
(175,NULL,NULL,NULL,NULL,NULL,NULL,NULL,NULL,NULL,NULL,NULL,NULL,NULL,NULL,NULL,NULL,NULL,NULL,NULL,NULL,NULL,NULL,NULL,NULL,NULL,NULL,NULL,NULL,NULL,NULL,NULL,NULL,NULL,NULL,NULL,NULL,NULL,NULL,NULL,NULL,NULL,NULL,NULL,NULL,NULL,NULL,533,NULL,NULL,NULL,NULL),
(176,NULL,NULL,NULL,NULL,NULL,NULL,NULL,NULL,NULL,NULL,NULL,NULL,NULL,NULL,NULL,NULL,NULL,NULL,NULL,NULL,NULL,NULL,NULL,NULL,NULL,NULL,NULL,NULL,NULL,NULL,NULL,NULL,NULL,NULL,NULL,NULL,NULL,NULL,NULL,NULL,NULL,NULL,NULL,NULL,NULL,NULL,536,NULL,NULL,NULL,NULL),
(177,NULL,NULL,NULL,NULL,NULL,NULL,NULL,NULL,NULL,NULL,NULL,NULL,NULL,NULL,NULL,NULL,NULL,NULL,NULL,NULL,NULL,NULL,NULL,NULL,NULL,NULL,NULL,NULL,NULL,NULL,NULL,NULL,NULL,NULL,NULL,NULL,NULL,NULL,NULL,NULL,NULL,NULL,NULL,NULL,NULL,NULL,540,NULL,NULL,NULL,NULL),
(178,NULL,NULL,NULL,NULL,NULL,NULL,NULL,NULL,NULL,NULL,NULL,NULL,NULL,NULL,NULL,NULL,NULL,NULL,NULL,NULL,NULL,NULL,NULL,NULL,NULL,NULL,NULL,NULL,NULL,NULL,NULL,NULL,NULL,NULL,NULL,NULL,NULL,NULL,NULL,NULL,NULL,NULL,NULL,NULL,NULL,NULL,542,NULL,NULL,NULL,NULL),
(179,NULL,NULL,NULL,NULL,NULL,NULL,NULL,NULL,NULL,NULL,NULL,NULL,NULL,NULL,NULL,NULL,NULL,NULL,NULL,NULL,NULL,NULL,NULL,NULL,NULL,NULL,NULL,NULL,NULL,NULL,NULL,NULL,NULL,NULL,NULL,NULL,NULL,NULL,NULL,NULL,NULL,NULL,NULL,NULL,NULL,NULL,545,NULL,NULL,NULL,NULL),
(180,NULL,NULL,NULL,NULL,NULL,NULL,NULL,NULL,NULL,NULL,NULL,NULL,NULL,NULL,NULL,NULL,NULL,NULL,NULL,NULL,NULL,NULL,NULL,NULL,NULL,NULL,NULL,NULL,NULL,NULL,NULL,NULL,NULL,NULL,NULL,NULL,NULL,NULL,NULL,NULL,NULL,NULL,NULL,NULL,NULL,NULL,547,NULL,NULL,NULL,NULL),
(181,NULL,NULL,NULL,NULL,NULL,NULL,NULL,NULL,NULL,NULL,NULL,NULL,NULL,NULL,NULL,NULL,NULL,NULL,NULL,NULL,NULL,NULL,NULL,NULL,NULL,NULL,NULL,NULL,NULL,NULL,NULL,NULL,NULL,NULL,NULL,NULL,NULL,NULL,NULL,NULL,NULL,NULL,NULL,NULL,NULL,NULL,548,NULL,NULL,NULL,NULL),
(182,NULL,NULL,NULL,NULL,NULL,NULL,NULL,NULL,NULL,NULL,NULL,NULL,NULL,NULL,NULL,NULL,NULL,NULL,NULL,NULL,NULL,NULL,NULL,NULL,NULL,NULL,NULL,NULL,NULL,NULL,NULL,NULL,NULL,NULL,NULL,NULL,NULL,NULL,NULL,NULL,NULL,NULL,NULL,NULL,NULL,NULL,554,NULL,NULL,NULL,NULL),
(183,NULL,NULL,NULL,NULL,NULL,NULL,NULL,NULL,NULL,NULL,NULL,NULL,NULL,NULL,NULL,NULL,NULL,NULL,NULL,NULL,NULL,NULL,NULL,NULL,NULL,NULL,NULL,NULL,NULL,NULL,NULL,NULL,NULL,NULL,NULL,NULL,NULL,NULL,NULL,NULL,NULL,NULL,NULL,NULL,NULL,NULL,556,NULL,NULL,NULL,NULL),
(184,NULL,NULL,NULL,NULL,NULL,NULL,NULL,NULL,NULL,NULL,NULL,NULL,NULL,NULL,NULL,NULL,NULL,NULL,NULL,NULL,NULL,NULL,NULL,NULL,NULL,NULL,NULL,NULL,NULL,NULL,NULL,NULL,NULL,NULL,NULL,NULL,NULL,NULL,NULL,NULL,NULL,NULL,NULL,NULL,NULL,NULL,557,NULL,NULL,NULL,NULL),
(185,NULL,NULL,NULL,NULL,NULL,NULL,NULL,NULL,NULL,NULL,NULL,NULL,NULL,NULL,NULL,NULL,NULL,NULL,NULL,NULL,NULL,NULL,NULL,NULL,NULL,NULL,NULL,NULL,NULL,NULL,NULL,NULL,NULL,NULL,NULL,NULL,NULL,NULL,NULL,NULL,NULL,NULL,NULL,NULL,NULL,NULL,559,NULL,NULL,NULL,NULL),
(186,NULL,NULL,NULL,NULL,NULL,NULL,NULL,NULL,NULL,NULL,NULL,NULL,NULL,NULL,NULL,NULL,NULL,NULL,NULL,NULL,NULL,NULL,NULL,NULL,NULL,NULL,NULL,NULL,NULL,NULL,NULL,NULL,NULL,NULL,NULL,NULL,NULL,NULL,NULL,NULL,NULL,NULL,NULL,NULL,NULL,NULL,560,NULL,NULL,NULL,NULL),
(187,NULL,NULL,NULL,NULL,NULL,NULL,NULL,NULL,NULL,NULL,NULL,NULL,NULL,NULL,NULL,NULL,NULL,NULL,NULL,NULL,NULL,NULL,NULL,NULL,NULL,NULL,NULL,NULL,NULL,NULL,NULL,NULL,NULL,NULL,NULL,NULL,NULL,NULL,NULL,NULL,NULL,NULL,NULL,NULL,NULL,NULL,561,NULL,NULL,NULL,NULL),
(188,NULL,NULL,NULL,NULL,NULL,NULL,NULL,NULL,NULL,NULL,NULL,NULL,NULL,NULL,NULL,NULL,NULL,NULL,NULL,NULL,NULL,NULL,NULL,NULL,NULL,NULL,NULL,NULL,NULL,NULL,NULL,NULL,NULL,NULL,NULL,NULL,NULL,NULL,NULL,NULL,NULL,NULL,NULL,NULL,NULL,NULL,562,NULL,NULL,NULL,NULL),
(189,NULL,NULL,NULL,NULL,NULL,NULL,NULL,NULL,NULL,NULL,NULL,NULL,NULL,NULL,NULL,NULL,NULL,NULL,NULL,NULL,NULL,NULL,NULL,NULL,NULL,NULL,NULL,NULL,NULL,NULL,NULL,NULL,NULL,NULL,NULL,NULL,NULL,NULL,NULL,NULL,NULL,NULL,NULL,NULL,NULL,NULL,569,NULL,NULL,NULL,NULL),
(190,NULL,NULL,NULL,NULL,NULL,NULL,NULL,NULL,NULL,NULL,NULL,NULL,NULL,NULL,NULL,NULL,NULL,NULL,NULL,NULL,NULL,NULL,NULL,NULL,NULL,NULL,NULL,NULL,NULL,NULL,NULL,NULL,NULL,NULL,NULL,NULL,NULL,NULL,NULL,NULL,NULL,NULL,NULL,NULL,NULL,NULL,570,NULL,NULL,NULL,NULL),
(191,NULL,NULL,NULL,NULL,NULL,NULL,NULL,NULL,NULL,NULL,NULL,NULL,NULL,NULL,NULL,NULL,NULL,NULL,NULL,NULL,NULL,NULL,NULL,NULL,NULL,NULL,NULL,NULL,NULL,NULL,NULL,NULL,NULL,NULL,NULL,NULL,NULL,NULL,NULL,NULL,NULL,NULL,NULL,NULL,NULL,NULL,571,NULL,NULL,NULL,NULL),
(192,NULL,NULL,NULL,NULL,NULL,NULL,NULL,NULL,NULL,NULL,NULL,NULL,NULL,NULL,NULL,NULL,NULL,NULL,NULL,NULL,NULL,NULL,NULL,NULL,NULL,NULL,NULL,NULL,NULL,NULL,NULL,NULL,NULL,NULL,NULL,NULL,NULL,NULL,NULL,NULL,NULL,NULL,NULL,NULL,NULL,NULL,573,NULL,NULL,NULL,NULL),
(193,NULL,NULL,NULL,NULL,NULL,NULL,NULL,NULL,NULL,NULL,NULL,NULL,NULL,NULL,NULL,NULL,NULL,NULL,NULL,NULL,NULL,NULL,NULL,NULL,NULL,NULL,NULL,NULL,NULL,NULL,NULL,NULL,NULL,NULL,NULL,NULL,NULL,NULL,NULL,NULL,NULL,NULL,NULL,NULL,NULL,NULL,574,NULL,NULL,NULL,NULL),
(194,NULL,NULL,NULL,NULL,NULL,NULL,NULL,NULL,NULL,NULL,NULL,NULL,NULL,NULL,NULL,NULL,NULL,NULL,NULL,NULL,NULL,NULL,NULL,NULL,NULL,NULL,NULL,NULL,NULL,NULL,NULL,NULL,NULL,NULL,NULL,NULL,NULL,NULL,NULL,NULL,NULL,NULL,NULL,NULL,NULL,NULL,582,NULL,NULL,NULL,NULL),
(195,NULL,NULL,NULL,NULL,NULL,NULL,NULL,NULL,NULL,NULL,NULL,NULL,NULL,NULL,NULL,NULL,NULL,NULL,NULL,NULL,NULL,NULL,NULL,NULL,NULL,NULL,NULL,NULL,NULL,NULL,NULL,NULL,NULL,NULL,NULL,NULL,NULL,NULL,NULL,NULL,NULL,NULL,NULL,NULL,NULL,NULL,583,NULL,NULL,NULL,NULL),
(196,NULL,NULL,NULL,NULL,NULL,NULL,NULL,NULL,NULL,NULL,NULL,NULL,NULL,NULL,NULL,NULL,NULL,NULL,NULL,NULL,NULL,NULL,NULL,NULL,NULL,NULL,NULL,NULL,NULL,NULL,NULL,NULL,NULL,NULL,NULL,NULL,NULL,NULL,NULL,NULL,NULL,NULL,NULL,NULL,NULL,NULL,584,NULL,NULL,NULL,NULL),
(197,NULL,NULL,NULL,NULL,NULL,NULL,NULL,NULL,NULL,NULL,NULL,NULL,NULL,NULL,NULL,NULL,NULL,NULL,NULL,NULL,NULL,NULL,NULL,NULL,NULL,NULL,NULL,NULL,NULL,NULL,NULL,NULL,NULL,NULL,NULL,NULL,NULL,NULL,NULL,NULL,NULL,NULL,NULL,NULL,NULL,NULL,587,NULL,NULL,NULL,NULL),
(198,NULL,NULL,NULL,NULL,NULL,NULL,NULL,NULL,NULL,NULL,NULL,NULL,NULL,NULL,NULL,NULL,NULL,NULL,NULL,NULL,NULL,NULL,NULL,NULL,NULL,NULL,NULL,NULL,NULL,NULL,NULL,NULL,NULL,NULL,NULL,NULL,NULL,NULL,NULL,NULL,NULL,NULL,NULL,NULL,NULL,NULL,588,NULL,NULL,NULL,NULL),
(199,NULL,NULL,NULL,NULL,NULL,NULL,NULL,NULL,NULL,NULL,NULL,NULL,NULL,NULL,NULL,NULL,NULL,NULL,NULL,NULL,NULL,NULL,NULL,NULL,NULL,NULL,NULL,NULL,NULL,NULL,NULL,NULL,NULL,NULL,NULL,NULL,NULL,NULL,NULL,NULL,NULL,NULL,NULL,NULL,NULL,NULL,591,NULL,NULL,NULL,NULL),
(200,NULL,NULL,NULL,NULL,NULL,NULL,NULL,NULL,NULL,NULL,NULL,NULL,NULL,NULL,NULL,NULL,NULL,NULL,NULL,NULL,NULL,NULL,NULL,NULL,NULL,NULL,NULL,NULL,NULL,NULL,NULL,NULL,NULL,NULL,NULL,NULL,NULL,NULL,NULL,NULL,NULL,NULL,NULL,NULL,NULL,NULL,592,NULL,NULL,NULL,NULL),
(201,NULL,NULL,NULL,NULL,NULL,NULL,NULL,NULL,NULL,NULL,NULL,NULL,NULL,NULL,NULL,NULL,NULL,NULL,NULL,NULL,NULL,NULL,NULL,NULL,NULL,NULL,NULL,NULL,NULL,NULL,NULL,NULL,NULL,NULL,NULL,NULL,NULL,NULL,NULL,NULL,NULL,NULL,NULL,NULL,NULL,NULL,594,NULL,NULL,NULL,NULL),
(202,NULL,NULL,NULL,NULL,NULL,NULL,NULL,NULL,NULL,NULL,NULL,NULL,NULL,NULL,NULL,NULL,NULL,NULL,NULL,NULL,NULL,NULL,NULL,NULL,NULL,NULL,NULL,NULL,NULL,NULL,NULL,NULL,NULL,NULL,NULL,NULL,NULL,NULL,NULL,NULL,NULL,NULL,NULL,NULL,NULL,NULL,595,NULL,NULL,NULL,NULL),
(203,NULL,NULL,NULL,NULL,NULL,NULL,NULL,NULL,NULL,NULL,NULL,NULL,NULL,NULL,NULL,NULL,NULL,NULL,NULL,NULL,NULL,NULL,NULL,NULL,NULL,NULL,NULL,NULL,NULL,NULL,NULL,NULL,NULL,NULL,NULL,NULL,NULL,NULL,NULL,NULL,NULL,NULL,NULL,NULL,NULL,NULL,596,NULL,NULL,NULL,NULL),
(204,NULL,NULL,NULL,NULL,NULL,NULL,NULL,NULL,NULL,NULL,NULL,NULL,NULL,NULL,NULL,NULL,NULL,NULL,NULL,NULL,NULL,NULL,NULL,NULL,NULL,NULL,NULL,NULL,NULL,NULL,NULL,NULL,NULL,NULL,NULL,NULL,NULL,NULL,NULL,NULL,NULL,NULL,NULL,NULL,NULL,NULL,597,NULL,NULL,NULL,NULL),
(205,NULL,NULL,NULL,NULL,NULL,NULL,NULL,NULL,NULL,NULL,NULL,NULL,NULL,NULL,NULL,NULL,NULL,NULL,NULL,NULL,NULL,NULL,NULL,NULL,NULL,NULL,NULL,NULL,NULL,NULL,NULL,NULL,NULL,NULL,NULL,NULL,NULL,NULL,NULL,NULL,NULL,NULL,NULL,NULL,NULL,NULL,599,NULL,NULL,NULL,NULL),
(206,NULL,NULL,NULL,NULL,NULL,NULL,NULL,NULL,NULL,NULL,NULL,NULL,NULL,NULL,NULL,NULL,NULL,NULL,NULL,NULL,NULL,NULL,NULL,NULL,NULL,NULL,NULL,NULL,NULL,NULL,NULL,NULL,NULL,NULL,NULL,NULL,NULL,NULL,NULL,NULL,NULL,NULL,NULL,NULL,NULL,NULL,600,NULL,NULL,NULL,NULL),
(207,NULL,NULL,NULL,NULL,NULL,NULL,NULL,NULL,NULL,NULL,NULL,NULL,NULL,NULL,NULL,NULL,NULL,NULL,NULL,NULL,NULL,NULL,NULL,NULL,NULL,NULL,NULL,NULL,NULL,NULL,NULL,NULL,NULL,NULL,NULL,NULL,NULL,NULL,NULL,NULL,NULL,NULL,NULL,NULL,NULL,NULL,605,NULL,NULL,NULL,NULL),
(208,NULL,NULL,NULL,NULL,NULL,NULL,NULL,NULL,NULL,NULL,NULL,NULL,NULL,NULL,NULL,NULL,NULL,NULL,NULL,NULL,NULL,NULL,NULL,NULL,NULL,NULL,NULL,NULL,NULL,NULL,NULL,NULL,NULL,NULL,NULL,NULL,NULL,NULL,NULL,NULL,NULL,NULL,NULL,NULL,NULL,NULL,609,NULL,NULL,NULL,NULL),
(209,NULL,NULL,NULL,NULL,NULL,NULL,NULL,NULL,NULL,NULL,NULL,NULL,NULL,NULL,NULL,NULL,NULL,NULL,NULL,NULL,NULL,NULL,NULL,NULL,NULL,NULL,NULL,NULL,NULL,NULL,NULL,NULL,NULL,NULL,NULL,NULL,NULL,NULL,NULL,NULL,NULL,NULL,NULL,NULL,NULL,NULL,612,NULL,NULL,NULL,NULL),
(210,NULL,NULL,NULL,NULL,NULL,NULL,NULL,NULL,NULL,NULL,NULL,NULL,NULL,NULL,NULL,NULL,NULL,NULL,NULL,NULL,NULL,NULL,NULL,NULL,NULL,NULL,NULL,NULL,NULL,NULL,NULL,NULL,NULL,NULL,NULL,NULL,NULL,NULL,NULL,NULL,NULL,NULL,NULL,NULL,NULL,NULL,613,NULL,NULL,NULL,NULL),
(211,NULL,NULL,NULL,NULL,NULL,NULL,NULL,NULL,NULL,NULL,NULL,NULL,NULL,NULL,NULL,NULL,NULL,NULL,NULL,NULL,NULL,NULL,NULL,NULL,NULL,NULL,NULL,NULL,NULL,NULL,NULL,NULL,NULL,NULL,NULL,NULL,NULL,NULL,NULL,NULL,NULL,NULL,NULL,NULL,NULL,NULL,615,NULL,NULL,NULL,NULL),
(212,NULL,NULL,NULL,NULL,NULL,NULL,NULL,NULL,NULL,NULL,NULL,NULL,NULL,NULL,NULL,NULL,NULL,NULL,NULL,NULL,NULL,NULL,NULL,NULL,NULL,NULL,NULL,NULL,NULL,NULL,NULL,NULL,NULL,NULL,NULL,NULL,NULL,NULL,NULL,NULL,NULL,NULL,NULL,NULL,NULL,NULL,618,NULL,NULL,NULL,NULL),
(213,NULL,NULL,NULL,NULL,NULL,NULL,NULL,NULL,NULL,NULL,NULL,NULL,NULL,NULL,NULL,NULL,NULL,NULL,NULL,NULL,NULL,NULL,NULL,NULL,NULL,NULL,NULL,NULL,NULL,NULL,NULL,NULL,NULL,NULL,NULL,NULL,NULL,NULL,NULL,NULL,NULL,NULL,NULL,NULL,NULL,NULL,619,NULL,NULL,NULL,NULL),
(214,NULL,NULL,NULL,NULL,NULL,NULL,NULL,NULL,NULL,NULL,NULL,NULL,NULL,NULL,NULL,NULL,NULL,NULL,NULL,NULL,NULL,NULL,NULL,NULL,NULL,NULL,NULL,NULL,NULL,NULL,NULL,NULL,NULL,NULL,NULL,NULL,NULL,NULL,NULL,NULL,NULL,NULL,NULL,NULL,NULL,NULL,621,NULL,NULL,NULL,NULL),
(215,NULL,NULL,NULL,NULL,NULL,NULL,NULL,NULL,NULL,NULL,NULL,NULL,NULL,NULL,NULL,NULL,NULL,NULL,NULL,NULL,NULL,NULL,NULL,NULL,NULL,NULL,NULL,NULL,NULL,NULL,NULL,NULL,NULL,NULL,NULL,NULL,NULL,NULL,NULL,NULL,NULL,NULL,NULL,NULL,NULL,NULL,624,NULL,NULL,NULL,NULL),
(216,NULL,NULL,NULL,NULL,NULL,NULL,NULL,NULL,NULL,NULL,NULL,NULL,NULL,NULL,NULL,NULL,NULL,NULL,NULL,NULL,NULL,NULL,NULL,NULL,NULL,NULL,NULL,NULL,NULL,NULL,NULL,NULL,NULL,NULL,NULL,NULL,NULL,NULL,NULL,NULL,NULL,NULL,NULL,NULL,NULL,NULL,627,NULL,NULL,NULL,NULL),
(217,NULL,NULL,NULL,NULL,NULL,NULL,NULL,NULL,NULL,NULL,NULL,NULL,NULL,NULL,NULL,NULL,NULL,NULL,NULL,NULL,NULL,NULL,NULL,NULL,NULL,NULL,NULL,NULL,NULL,NULL,NULL,NULL,NULL,NULL,NULL,NULL,NULL,NULL,NULL,NULL,NULL,NULL,NULL,NULL,NULL,NULL,630,NULL,NULL,NULL,NULL),
(218,NULL,NULL,NULL,NULL,NULL,NULL,NULL,NULL,NULL,NULL,NULL,NULL,NULL,NULL,NULL,NULL,NULL,NULL,NULL,NULL,NULL,NULL,NULL,NULL,NULL,NULL,NULL,NULL,NULL,NULL,NULL,NULL,NULL,NULL,NULL,NULL,NULL,NULL,NULL,NULL,NULL,NULL,NULL,NULL,NULL,NULL,633,NULL,NULL,NULL,NULL),
(219,NULL,NULL,NULL,NULL,NULL,NULL,NULL,NULL,NULL,NULL,NULL,NULL,NULL,NULL,NULL,NULL,NULL,NULL,NULL,NULL,NULL,NULL,NULL,NULL,NULL,NULL,NULL,NULL,NULL,NULL,NULL,NULL,NULL,NULL,NULL,NULL,NULL,NULL,NULL,NULL,NULL,NULL,NULL,NULL,NULL,NULL,635,NULL,NULL,NULL,NULL),
(220,NULL,NULL,NULL,NULL,NULL,NULL,NULL,NULL,NULL,NULL,NULL,NULL,NULL,NULL,NULL,NULL,NULL,NULL,NULL,NULL,NULL,NULL,NULL,NULL,NULL,NULL,NULL,NULL,NULL,NULL,NULL,NULL,NULL,NULL,NULL,NULL,NULL,NULL,NULL,NULL,NULL,NULL,NULL,NULL,NULL,NULL,636,NULL,NULL,NULL,NULL),
(221,NULL,NULL,NULL,NULL,NULL,NULL,NULL,NULL,NULL,NULL,NULL,NULL,NULL,NULL,NULL,NULL,NULL,NULL,NULL,NULL,NULL,NULL,NULL,NULL,NULL,NULL,NULL,NULL,NULL,NULL,NULL,NULL,NULL,NULL,NULL,NULL,NULL,NULL,NULL,NULL,NULL,NULL,NULL,NULL,NULL,NULL,640,NULL,NULL,NULL,NULL),
(222,NULL,NULL,NULL,NULL,NULL,NULL,NULL,NULL,NULL,NULL,NULL,NULL,NULL,NULL,NULL,NULL,NULL,NULL,NULL,NULL,NULL,NULL,NULL,NULL,NULL,NULL,NULL,NULL,NULL,NULL,NULL,NULL,NULL,NULL,NULL,NULL,NULL,NULL,NULL,NULL,NULL,NULL,NULL,NULL,NULL,NULL,645,NULL,NULL,NULL,NULL),
(223,NULL,NULL,NULL,NULL,NULL,NULL,NULL,NULL,NULL,NULL,NULL,NULL,NULL,NULL,NULL,NULL,NULL,NULL,NULL,NULL,NULL,NULL,NULL,NULL,NULL,NULL,NULL,NULL,NULL,NULL,NULL,NULL,NULL,NULL,NULL,NULL,NULL,NULL,NULL,NULL,NULL,NULL,NULL,NULL,NULL,NULL,650,NULL,NULL,NULL,NULL),
(224,NULL,NULL,NULL,NULL,NULL,NULL,NULL,NULL,NULL,NULL,NULL,NULL,NULL,NULL,NULL,NULL,NULL,NULL,NULL,NULL,NULL,NULL,NULL,NULL,NULL,NULL,NULL,NULL,NULL,NULL,NULL,NULL,NULL,NULL,NULL,NULL,NULL,NULL,NULL,NULL,NULL,NULL,NULL,NULL,NULL,NULL,651,NULL,NULL,NULL,NULL),
(225,NULL,NULL,NULL,NULL,NULL,NULL,NULL,NULL,NULL,NULL,NULL,NULL,NULL,NULL,NULL,NULL,NULL,NULL,NULL,NULL,NULL,NULL,NULL,NULL,NULL,NULL,NULL,NULL,NULL,NULL,NULL,NULL,NULL,NULL,NULL,NULL,NULL,NULL,NULL,NULL,NULL,NULL,NULL,NULL,NULL,NULL,654,NULL,NULL,NULL,NULL),
(226,NULL,NULL,NULL,NULL,NULL,NULL,NULL,NULL,NULL,NULL,NULL,NULL,NULL,NULL,NULL,NULL,NULL,NULL,NULL,NULL,NULL,NULL,NULL,NULL,NULL,NULL,NULL,NULL,NULL,NULL,NULL,NULL,NULL,NULL,NULL,NULL,NULL,NULL,NULL,NULL,NULL,NULL,NULL,NULL,NULL,NULL,658,NULL,NULL,NULL,NULL),
(227,NULL,NULL,NULL,NULL,NULL,NULL,NULL,NULL,NULL,NULL,NULL,NULL,NULL,NULL,NULL,NULL,NULL,NULL,NULL,NULL,NULL,NULL,NULL,NULL,NULL,NULL,NULL,NULL,NULL,NULL,NULL,NULL,NULL,NULL,NULL,NULL,NULL,NULL,NULL,NULL,NULL,NULL,NULL,NULL,NULL,NULL,660,NULL,NULL,NULL,NULL),
(228,NULL,NULL,NULL,NULL,NULL,NULL,NULL,NULL,NULL,NULL,NULL,NULL,NULL,NULL,NULL,NULL,NULL,NULL,NULL,NULL,NULL,NULL,NULL,NULL,NULL,NULL,NULL,NULL,NULL,NULL,NULL,NULL,NULL,NULL,NULL,NULL,NULL,NULL,NULL,NULL,NULL,NULL,NULL,NULL,NULL,NULL,663,NULL,NULL,NULL,NULL),
(229,NULL,NULL,NULL,NULL,NULL,NULL,NULL,NULL,NULL,NULL,NULL,NULL,NULL,NULL,NULL,NULL,NULL,NULL,NULL,NULL,NULL,NULL,NULL,NULL,NULL,NULL,NULL,NULL,NULL,NULL,NULL,NULL,NULL,NULL,NULL,NULL,NULL,NULL,NULL,NULL,NULL,NULL,NULL,NULL,NULL,NULL,665,NULL,NULL,NULL,NULL),
(230,NULL,NULL,NULL,NULL,NULL,NULL,NULL,NULL,NULL,NULL,NULL,NULL,NULL,NULL,NULL,NULL,NULL,NULL,NULL,NULL,NULL,NULL,NULL,NULL,NULL,NULL,NULL,NULL,NULL,NULL,NULL,NULL,NULL,NULL,NULL,NULL,NULL,NULL,NULL,NULL,NULL,NULL,NULL,NULL,NULL,NULL,666,NULL,NULL,NULL,NULL),
(231,NULL,NULL,NULL,NULL,NULL,NULL,NULL,NULL,NULL,NULL,NULL,NULL,NULL,NULL,NULL,NULL,NULL,NULL,NULL,NULL,NULL,NULL,NULL,NULL,NULL,NULL,NULL,NULL,NULL,NULL,NULL,NULL,NULL,NULL,NULL,NULL,NULL,NULL,NULL,NULL,NULL,NULL,NULL,NULL,NULL,NULL,672,NULL,NULL,NULL,NULL),
(232,NULL,NULL,NULL,NULL,NULL,NULL,NULL,NULL,NULL,NULL,NULL,NULL,NULL,NULL,NULL,NULL,NULL,NULL,NULL,NULL,NULL,NULL,NULL,NULL,NULL,NULL,NULL,NULL,NULL,NULL,NULL,NULL,NULL,NULL,NULL,NULL,NULL,NULL,NULL,NULL,NULL,NULL,NULL,NULL,NULL,NULL,674,NULL,NULL,NULL,NULL),
(233,NULL,NULL,NULL,NULL,NULL,NULL,NULL,NULL,NULL,NULL,NULL,NULL,NULL,NULL,NULL,NULL,NULL,NULL,NULL,NULL,NULL,NULL,NULL,NULL,NULL,NULL,NULL,NULL,NULL,NULL,NULL,NULL,NULL,NULL,NULL,NULL,NULL,NULL,NULL,NULL,NULL,NULL,NULL,NULL,NULL,NULL,675,NULL,NULL,NULL,NULL),
(234,NULL,NULL,NULL,NULL,NULL,NULL,NULL,NULL,NULL,NULL,NULL,NULL,NULL,NULL,NULL,NULL,NULL,NULL,NULL,NULL,NULL,NULL,NULL,NULL,NULL,NULL,NULL,NULL,NULL,NULL,NULL,NULL,NULL,NULL,NULL,NULL,NULL,NULL,NULL,NULL,NULL,NULL,NULL,NULL,NULL,NULL,677,NULL,NULL,NULL,NULL),
(235,NULL,NULL,NULL,NULL,NULL,NULL,NULL,NULL,NULL,NULL,NULL,NULL,NULL,NULL,NULL,NULL,NULL,NULL,NULL,NULL,NULL,NULL,NULL,NULL,NULL,NULL,NULL,NULL,NULL,NULL,NULL,NULL,NULL,NULL,NULL,NULL,NULL,NULL,NULL,NULL,NULL,NULL,NULL,NULL,NULL,NULL,678,NULL,NULL,NULL,NULL),
(236,NULL,NULL,NULL,NULL,NULL,NULL,NULL,NULL,NULL,NULL,NULL,NULL,NULL,NULL,NULL,NULL,NULL,NULL,NULL,NULL,NULL,NULL,NULL,NULL,NULL,NULL,NULL,NULL,NULL,NULL,NULL,NULL,NULL,NULL,NULL,NULL,NULL,NULL,NULL,NULL,NULL,NULL,NULL,NULL,NULL,NULL,679,NULL,NULL,NULL,NULL),
(237,NULL,NULL,NULL,NULL,NULL,NULL,NULL,NULL,NULL,NULL,NULL,NULL,NULL,NULL,NULL,NULL,NULL,NULL,NULL,NULL,NULL,NULL,NULL,NULL,NULL,NULL,NULL,NULL,NULL,NULL,NULL,NULL,NULL,NULL,NULL,NULL,NULL,NULL,NULL,NULL,NULL,NULL,NULL,NULL,NULL,NULL,680,NULL,NULL,NULL,NULL),
(238,NULL,NULL,NULL,NULL,NULL,NULL,NULL,NULL,NULL,NULL,NULL,NULL,NULL,NULL,NULL,NULL,NULL,NULL,NULL,NULL,NULL,NULL,NULL,NULL,NULL,NULL,NULL,NULL,NULL,NULL,NULL,NULL,NULL,NULL,NULL,NULL,NULL,NULL,NULL,NULL,NULL,NULL,NULL,NULL,NULL,NULL,687,NULL,NULL,NULL,NULL),
(239,NULL,NULL,NULL,NULL,NULL,NULL,NULL,NULL,NULL,NULL,NULL,NULL,NULL,NULL,NULL,NULL,NULL,NULL,NULL,NULL,NULL,NULL,NULL,NULL,NULL,NULL,NULL,NULL,NULL,NULL,NULL,NULL,NULL,NULL,NULL,NULL,NULL,NULL,NULL,NULL,NULL,NULL,NULL,NULL,NULL,NULL,688,NULL,NULL,NULL,NULL),
(240,NULL,NULL,NULL,NULL,NULL,NULL,NULL,NULL,NULL,NULL,NULL,NULL,NULL,NULL,NULL,NULL,NULL,NULL,NULL,NULL,NULL,NULL,NULL,NULL,NULL,NULL,NULL,NULL,NULL,NULL,NULL,NULL,NULL,NULL,NULL,NULL,NULL,NULL,NULL,NULL,NULL,NULL,NULL,NULL,NULL,NULL,689,NULL,NULL,NULL,NULL),
(241,NULL,NULL,NULL,NULL,NULL,NULL,NULL,NULL,NULL,NULL,NULL,NULL,NULL,NULL,NULL,NULL,NULL,NULL,NULL,NULL,NULL,NULL,NULL,NULL,NULL,NULL,NULL,NULL,NULL,NULL,NULL,NULL,NULL,NULL,NULL,NULL,NULL,NULL,NULL,NULL,NULL,NULL,NULL,NULL,NULL,NULL,691,NULL,NULL,NULL,NULL),
(242,NULL,NULL,NULL,NULL,NULL,NULL,NULL,NULL,NULL,NULL,NULL,NULL,NULL,NULL,NULL,NULL,NULL,NULL,NULL,NULL,NULL,NULL,NULL,NULL,NULL,NULL,NULL,NULL,NULL,NULL,NULL,NULL,NULL,NULL,NULL,NULL,NULL,NULL,NULL,NULL,NULL,NULL,NULL,NULL,NULL,NULL,692,NULL,NULL,NULL,NULL),
(243,NULL,NULL,NULL,NULL,NULL,NULL,NULL,NULL,NULL,NULL,NULL,NULL,NULL,NULL,NULL,NULL,NULL,NULL,NULL,NULL,NULL,NULL,NULL,NULL,NULL,NULL,NULL,NULL,NULL,NULL,NULL,NULL,NULL,NULL,NULL,NULL,NULL,NULL,NULL,NULL,NULL,NULL,NULL,NULL,NULL,NULL,700,NULL,NULL,NULL,NULL),
(244,NULL,NULL,NULL,NULL,NULL,NULL,NULL,NULL,NULL,NULL,NULL,NULL,NULL,NULL,NULL,NULL,NULL,NULL,NULL,NULL,NULL,NULL,NULL,NULL,NULL,NULL,NULL,NULL,NULL,NULL,NULL,NULL,NULL,NULL,NULL,NULL,NULL,NULL,NULL,NULL,NULL,NULL,NULL,NULL,NULL,NULL,701,NULL,NULL,NULL,NULL),
(245,NULL,NULL,NULL,NULL,NULL,NULL,NULL,NULL,NULL,NULL,NULL,NULL,NULL,NULL,NULL,NULL,NULL,NULL,NULL,NULL,NULL,NULL,NULL,NULL,NULL,NULL,NULL,NULL,NULL,NULL,NULL,NULL,NULL,NULL,NULL,NULL,NULL,NULL,NULL,NULL,NULL,NULL,NULL,NULL,NULL,NULL,702,NULL,NULL,NULL,NULL),
(246,NULL,NULL,NULL,NULL,NULL,NULL,NULL,NULL,NULL,NULL,NULL,NULL,NULL,NULL,NULL,NULL,NULL,NULL,NULL,NULL,NULL,NULL,NULL,NULL,NULL,NULL,NULL,NULL,NULL,NULL,NULL,NULL,NULL,NULL,NULL,NULL,NULL,NULL,NULL,NULL,NULL,NULL,NULL,NULL,NULL,NULL,705,NULL,NULL,NULL,NULL),
(247,NULL,NULL,NULL,NULL,NULL,NULL,NULL,NULL,NULL,NULL,NULL,NULL,NULL,NULL,NULL,NULL,NULL,NULL,NULL,NULL,NULL,NULL,NULL,NULL,NULL,NULL,NULL,NULL,NULL,NULL,NULL,NULL,NULL,NULL,NULL,NULL,NULL,NULL,NULL,NULL,NULL,NULL,NULL,NULL,NULL,NULL,706,NULL,NULL,NULL,NULL),
(248,NULL,NULL,NULL,NULL,NULL,NULL,NULL,NULL,NULL,NULL,NULL,NULL,NULL,NULL,NULL,NULL,NULL,NULL,NULL,NULL,NULL,NULL,NULL,NULL,NULL,NULL,NULL,NULL,NULL,NULL,NULL,NULL,NULL,NULL,NULL,NULL,NULL,NULL,NULL,NULL,NULL,NULL,NULL,NULL,NULL,NULL,709,NULL,NULL,NULL,NULL),
(249,NULL,NULL,NULL,NULL,NULL,NULL,NULL,NULL,NULL,NULL,NULL,NULL,NULL,NULL,NULL,NULL,NULL,NULL,NULL,NULL,NULL,NULL,NULL,NULL,NULL,NULL,NULL,NULL,NULL,NULL,NULL,NULL,NULL,NULL,NULL,NULL,NULL,NULL,NULL,NULL,NULL,NULL,NULL,NULL,NULL,NULL,710,NULL,NULL,NULL,NULL),
(250,NULL,NULL,NULL,NULL,NULL,NULL,NULL,NULL,NULL,NULL,NULL,NULL,NULL,NULL,NULL,NULL,NULL,NULL,NULL,NULL,NULL,NULL,NULL,NULL,NULL,NULL,NULL,NULL,NULL,NULL,NULL,NULL,NULL,NULL,NULL,NULL,NULL,NULL,NULL,NULL,NULL,NULL,NULL,NULL,NULL,NULL,712,NULL,NULL,NULL,NULL),
(251,NULL,NULL,NULL,NULL,NULL,NULL,NULL,NULL,NULL,NULL,NULL,NULL,NULL,NULL,NULL,NULL,NULL,NULL,NULL,NULL,NULL,NULL,NULL,NULL,NULL,NULL,NULL,NULL,NULL,NULL,NULL,NULL,NULL,NULL,NULL,NULL,NULL,NULL,NULL,NULL,NULL,NULL,NULL,NULL,NULL,NULL,713,NULL,NULL,NULL,NULL),
(252,NULL,NULL,NULL,NULL,NULL,NULL,NULL,NULL,NULL,NULL,NULL,NULL,NULL,NULL,NULL,NULL,NULL,NULL,NULL,NULL,NULL,NULL,NULL,NULL,NULL,NULL,NULL,NULL,NULL,NULL,NULL,NULL,NULL,NULL,NULL,NULL,NULL,NULL,NULL,NULL,NULL,NULL,NULL,NULL,NULL,NULL,714,NULL,NULL,NULL,NULL),
(253,NULL,NULL,NULL,NULL,NULL,NULL,NULL,NULL,NULL,NULL,NULL,NULL,NULL,NULL,NULL,NULL,NULL,NULL,NULL,NULL,NULL,NULL,NULL,NULL,NULL,NULL,NULL,NULL,NULL,NULL,NULL,NULL,NULL,NULL,NULL,NULL,NULL,NULL,NULL,NULL,NULL,NULL,NULL,NULL,NULL,NULL,715,NULL,NULL,NULL,NULL),
(254,NULL,NULL,NULL,NULL,NULL,NULL,NULL,NULL,NULL,NULL,NULL,NULL,NULL,NULL,NULL,NULL,NULL,NULL,NULL,NULL,NULL,NULL,NULL,NULL,NULL,NULL,NULL,NULL,NULL,NULL,NULL,NULL,NULL,NULL,NULL,NULL,NULL,NULL,NULL,NULL,NULL,NULL,NULL,NULL,NULL,NULL,717,NULL,NULL,NULL,NULL),
(255,NULL,NULL,NULL,NULL,NULL,NULL,NULL,NULL,NULL,NULL,NULL,NULL,NULL,NULL,NULL,NULL,NULL,NULL,NULL,NULL,NULL,NULL,NULL,NULL,NULL,NULL,NULL,NULL,NULL,NULL,NULL,NULL,NULL,NULL,NULL,NULL,NULL,NULL,NULL,NULL,NULL,NULL,NULL,NULL,NULL,NULL,718,NULL,NULL,NULL,NULL),
(256,NULL,NULL,NULL,NULL,NULL,NULL,NULL,NULL,NULL,NULL,NULL,NULL,NULL,NULL,NULL,NULL,NULL,NULL,NULL,NULL,NULL,NULL,NULL,NULL,NULL,NULL,NULL,NULL,NULL,NULL,NULL,NULL,NULL,NULL,NULL,NULL,NULL,NULL,NULL,NULL,NULL,NULL,NULL,NULL,NULL,NULL,723,NULL,NULL,NULL,NULL),
(257,NULL,NULL,NULL,NULL,NULL,NULL,NULL,NULL,NULL,NULL,NULL,NULL,NULL,NULL,NULL,NULL,NULL,NULL,NULL,NULL,NULL,NULL,NULL,NULL,NULL,NULL,NULL,NULL,NULL,NULL,NULL,NULL,NULL,NULL,NULL,NULL,NULL,NULL,NULL,NULL,NULL,NULL,NULL,NULL,NULL,NULL,727,NULL,NULL,NULL,NULL),
(258,NULL,NULL,NULL,NULL,NULL,NULL,NULL,NULL,NULL,NULL,NULL,NULL,NULL,NULL,NULL,NULL,NULL,NULL,NULL,NULL,NULL,NULL,NULL,NULL,NULL,NULL,NULL,NULL,NULL,NULL,NULL,NULL,NULL,NULL,NULL,NULL,NULL,NULL,NULL,NULL,NULL,NULL,NULL,NULL,NULL,NULL,730,NULL,NULL,NULL,NULL),
(259,NULL,NULL,NULL,NULL,NULL,NULL,NULL,NULL,NULL,NULL,NULL,NULL,NULL,NULL,NULL,NULL,NULL,NULL,NULL,NULL,NULL,NULL,NULL,NULL,NULL,NULL,NULL,NULL,NULL,NULL,NULL,NULL,NULL,NULL,NULL,NULL,NULL,NULL,NULL,NULL,NULL,NULL,NULL,NULL,NULL,NULL,731,NULL,NULL,NULL,NULL),
(260,NULL,NULL,NULL,NULL,NULL,NULL,NULL,NULL,NULL,NULL,NULL,NULL,NULL,NULL,NULL,NULL,NULL,NULL,NULL,NULL,NULL,NULL,NULL,NULL,NULL,NULL,NULL,NULL,NULL,NULL,NULL,NULL,NULL,NULL,NULL,NULL,NULL,NULL,NULL,NULL,NULL,NULL,NULL,NULL,NULL,NULL,733,NULL,NULL,NULL,NULL),
(261,NULL,NULL,NULL,NULL,NULL,NULL,NULL,NULL,NULL,NULL,NULL,NULL,NULL,NULL,NULL,NULL,NULL,NULL,NULL,NULL,NULL,NULL,NULL,NULL,NULL,NULL,NULL,NULL,NULL,NULL,NULL,NULL,NULL,NULL,NULL,NULL,NULL,NULL,NULL,NULL,NULL,NULL,NULL,NULL,NULL,NULL,736,NULL,NULL,NULL,NULL),
(262,NULL,NULL,NULL,NULL,NULL,NULL,NULL,NULL,NULL,NULL,NULL,NULL,NULL,NULL,NULL,NULL,NULL,NULL,NULL,NULL,NULL,NULL,NULL,NULL,NULL,NULL,NULL,NULL,NULL,NULL,NULL,NULL,NULL,NULL,NULL,NULL,NULL,NULL,NULL,NULL,NULL,NULL,NULL,NULL,NULL,NULL,737,NULL,NULL,NULL,NULL),
(263,NULL,NULL,NULL,NULL,NULL,NULL,NULL,NULL,NULL,NULL,NULL,NULL,NULL,NULL,NULL,NULL,NULL,NULL,NULL,NULL,NULL,NULL,NULL,NULL,NULL,NULL,NULL,NULL,NULL,NULL,NULL,NULL,NULL,NULL,NULL,NULL,NULL,NULL,NULL,NULL,NULL,NULL,NULL,NULL,NULL,NULL,739,NULL,NULL,NULL,NULL),
(264,NULL,NULL,NULL,NULL,NULL,NULL,NULL,NULL,NULL,NULL,NULL,NULL,NULL,NULL,NULL,NULL,NULL,NULL,NULL,NULL,NULL,NULL,NULL,NULL,NULL,NULL,NULL,NULL,NULL,NULL,NULL,NULL,NULL,NULL,NULL,NULL,NULL,NULL,NULL,NULL,NULL,NULL,NULL,NULL,NULL,NULL,742,NULL,NULL,NULL,NULL),
(265,NULL,NULL,NULL,NULL,NULL,NULL,NULL,NULL,NULL,NULL,NULL,NULL,NULL,NULL,NULL,NULL,NULL,NULL,NULL,NULL,NULL,NULL,NULL,NULL,NULL,NULL,NULL,NULL,NULL,NULL,NULL,NULL,NULL,NULL,NULL,NULL,NULL,NULL,NULL,NULL,NULL,NULL,NULL,NULL,NULL,NULL,745,NULL,NULL,NULL,NULL),
(266,NULL,NULL,NULL,NULL,NULL,NULL,NULL,NULL,NULL,NULL,NULL,NULL,NULL,NULL,NULL,NULL,NULL,NULL,NULL,NULL,NULL,NULL,NULL,NULL,NULL,NULL,NULL,NULL,NULL,NULL,NULL,NULL,NULL,NULL,NULL,NULL,NULL,NULL,NULL,NULL,NULL,NULL,NULL,NULL,NULL,NULL,748,NULL,NULL,NULL,NULL),
(267,NULL,NULL,NULL,NULL,NULL,NULL,NULL,NULL,NULL,NULL,NULL,NULL,NULL,NULL,NULL,NULL,NULL,NULL,NULL,NULL,NULL,NULL,NULL,NULL,NULL,NULL,NULL,NULL,NULL,NULL,NULL,NULL,NULL,NULL,NULL,NULL,NULL,NULL,NULL,NULL,NULL,NULL,NULL,NULL,NULL,NULL,751,NULL,NULL,NULL,NULL),
(268,NULL,NULL,NULL,NULL,NULL,NULL,NULL,NULL,NULL,NULL,NULL,NULL,NULL,NULL,NULL,NULL,NULL,NULL,NULL,NULL,NULL,NULL,NULL,NULL,NULL,NULL,NULL,NULL,NULL,NULL,NULL,NULL,NULL,NULL,NULL,NULL,NULL,NULL,NULL,NULL,NULL,NULL,NULL,NULL,NULL,NULL,753,NULL,NULL,NULL,NULL),
(269,NULL,NULL,NULL,NULL,NULL,NULL,NULL,NULL,NULL,NULL,NULL,NULL,NULL,NULL,NULL,NULL,NULL,NULL,NULL,NULL,NULL,NULL,NULL,NULL,NULL,NULL,NULL,NULL,NULL,NULL,NULL,NULL,NULL,NULL,NULL,NULL,NULL,NULL,NULL,NULL,NULL,NULL,NULL,NULL,NULL,NULL,754,NULL,NULL,NULL,NULL),
(270,NULL,NULL,NULL,NULL,NULL,NULL,NULL,NULL,NULL,NULL,NULL,NULL,NULL,NULL,NULL,NULL,NULL,NULL,NULL,NULL,NULL,NULL,NULL,NULL,NULL,NULL,NULL,NULL,NULL,NULL,NULL,NULL,NULL,NULL,NULL,NULL,NULL,NULL,NULL,NULL,NULL,NULL,NULL,NULL,NULL,NULL,758,NULL,NULL,NULL,NULL),
(271,NULL,NULL,NULL,NULL,NULL,NULL,NULL,NULL,NULL,NULL,NULL,NULL,NULL,NULL,NULL,NULL,NULL,NULL,NULL,NULL,NULL,NULL,NULL,NULL,NULL,NULL,NULL,NULL,NULL,NULL,NULL,NULL,NULL,NULL,NULL,NULL,NULL,NULL,NULL,NULL,NULL,NULL,NULL,NULL,NULL,NULL,763,NULL,NULL,NULL,NULL),
(272,NULL,NULL,NULL,NULL,NULL,NULL,NULL,NULL,NULL,NULL,NULL,NULL,NULL,NULL,NULL,NULL,NULL,NULL,NULL,NULL,NULL,NULL,NULL,NULL,NULL,NULL,NULL,NULL,NULL,NULL,NULL,NULL,NULL,NULL,NULL,NULL,NULL,NULL,NULL,NULL,NULL,NULL,NULL,NULL,NULL,NULL,768,NULL,NULL,NULL,NULL),
(273,NULL,NULL,NULL,NULL,NULL,NULL,NULL,NULL,NULL,NULL,NULL,NULL,NULL,NULL,NULL,NULL,NULL,NULL,NULL,NULL,NULL,NULL,NULL,NULL,NULL,NULL,NULL,NULL,NULL,NULL,NULL,NULL,NULL,NULL,NULL,NULL,NULL,NULL,NULL,NULL,NULL,NULL,NULL,NULL,NULL,NULL,769,NULL,NULL,NULL,NULL),
(274,NULL,NULL,NULL,NULL,NULL,NULL,NULL,NULL,NULL,NULL,NULL,NULL,NULL,NULL,NULL,NULL,NULL,NULL,NULL,NULL,NULL,NULL,NULL,NULL,NULL,NULL,NULL,NULL,NULL,NULL,NULL,NULL,NULL,NULL,NULL,NULL,NULL,NULL,NULL,NULL,NULL,NULL,NULL,NULL,NULL,NULL,772,NULL,NULL,NULL,NULL),
(275,NULL,NULL,NULL,NULL,NULL,NULL,NULL,NULL,NULL,NULL,NULL,NULL,NULL,NULL,NULL,NULL,NULL,NULL,NULL,NULL,NULL,NULL,NULL,NULL,NULL,NULL,NULL,NULL,NULL,NULL,NULL,NULL,NULL,NULL,NULL,NULL,NULL,NULL,NULL,NULL,NULL,NULL,NULL,NULL,NULL,NULL,776,NULL,NULL,NULL,NULL),
(276,NULL,NULL,NULL,NULL,NULL,NULL,NULL,NULL,NULL,NULL,NULL,NULL,NULL,NULL,NULL,NULL,NULL,NULL,NULL,NULL,NULL,NULL,NULL,NULL,NULL,NULL,NULL,NULL,NULL,NULL,NULL,NULL,NULL,NULL,NULL,NULL,NULL,NULL,NULL,NULL,NULL,NULL,NULL,NULL,NULL,NULL,778,NULL,NULL,NULL,NULL),
(277,NULL,NULL,NULL,NULL,NULL,NULL,NULL,NULL,NULL,NULL,NULL,NULL,NULL,NULL,NULL,NULL,NULL,NULL,NULL,NULL,NULL,NULL,NULL,NULL,NULL,NULL,NULL,NULL,NULL,NULL,NULL,NULL,NULL,NULL,NULL,NULL,NULL,NULL,NULL,NULL,NULL,NULL,NULL,NULL,NULL,NULL,781,NULL,NULL,NULL,NULL),
(278,NULL,NULL,NULL,NULL,NULL,NULL,NULL,NULL,NULL,NULL,NULL,NULL,NULL,NULL,NULL,NULL,NULL,NULL,NULL,NULL,NULL,NULL,NULL,NULL,NULL,NULL,NULL,NULL,NULL,NULL,NULL,NULL,NULL,NULL,NULL,NULL,NULL,NULL,NULL,NULL,NULL,NULL,NULL,NULL,NULL,NULL,783,NULL,NULL,NULL,NULL),
(279,NULL,NULL,NULL,NULL,NULL,NULL,NULL,NULL,NULL,NULL,NULL,NULL,NULL,NULL,NULL,NULL,NULL,NULL,NULL,NULL,NULL,NULL,NULL,NULL,NULL,NULL,NULL,NULL,NULL,NULL,NULL,NULL,NULL,NULL,NULL,NULL,NULL,NULL,NULL,NULL,NULL,NULL,NULL,NULL,NULL,NULL,784,NULL,NULL,NULL,NULL),
(280,NULL,NULL,NULL,NULL,NULL,NULL,NULL,NULL,NULL,NULL,NULL,NULL,NULL,NULL,NULL,NULL,NULL,NULL,NULL,NULL,NULL,NULL,NULL,NULL,NULL,NULL,NULL,NULL,NULL,NULL,NULL,NULL,NULL,NULL,NULL,NULL,NULL,NULL,NULL,NULL,NULL,NULL,NULL,NULL,NULL,NULL,790,NULL,NULL,NULL,NULL),
(281,NULL,NULL,NULL,NULL,NULL,NULL,NULL,NULL,NULL,NULL,NULL,NULL,NULL,NULL,NULL,NULL,NULL,NULL,NULL,NULL,NULL,NULL,NULL,NULL,NULL,NULL,NULL,NULL,NULL,NULL,NULL,NULL,NULL,NULL,NULL,NULL,NULL,NULL,NULL,NULL,NULL,NULL,NULL,NULL,NULL,NULL,792,NULL,NULL,NULL,NULL),
(282,NULL,NULL,NULL,NULL,NULL,NULL,NULL,NULL,NULL,NULL,NULL,NULL,NULL,NULL,NULL,NULL,NULL,NULL,NULL,NULL,NULL,NULL,NULL,NULL,NULL,NULL,NULL,NULL,NULL,NULL,NULL,NULL,NULL,NULL,NULL,NULL,NULL,NULL,NULL,NULL,NULL,NULL,NULL,NULL,NULL,NULL,793,NULL,NULL,NULL,NULL),
(283,NULL,NULL,NULL,NULL,NULL,NULL,NULL,NULL,NULL,NULL,NULL,NULL,NULL,NULL,NULL,NULL,NULL,NULL,NULL,NULL,NULL,NULL,NULL,NULL,NULL,NULL,NULL,NULL,NULL,NULL,NULL,NULL,NULL,NULL,NULL,NULL,NULL,NULL,NULL,NULL,NULL,NULL,NULL,NULL,NULL,NULL,795,NULL,NULL,NULL,NULL),
(284,NULL,NULL,NULL,NULL,NULL,NULL,NULL,NULL,NULL,NULL,NULL,NULL,NULL,NULL,NULL,NULL,NULL,NULL,NULL,NULL,NULL,NULL,NULL,NULL,NULL,NULL,NULL,NULL,NULL,NULL,NULL,NULL,NULL,NULL,NULL,NULL,NULL,NULL,NULL,NULL,NULL,NULL,NULL,NULL,NULL,NULL,796,NULL,NULL,NULL,NULL),
(285,NULL,NULL,NULL,NULL,NULL,NULL,NULL,NULL,NULL,NULL,NULL,NULL,NULL,NULL,NULL,NULL,NULL,NULL,NULL,NULL,NULL,NULL,NULL,NULL,NULL,NULL,NULL,NULL,NULL,NULL,NULL,NULL,NULL,NULL,NULL,NULL,NULL,NULL,NULL,NULL,NULL,NULL,NULL,NULL,NULL,NULL,797,NULL,NULL,NULL,NULL),
(286,NULL,NULL,NULL,NULL,NULL,NULL,NULL,NULL,NULL,NULL,NULL,NULL,NULL,NULL,NULL,NULL,NULL,NULL,NULL,NULL,NULL,NULL,NULL,NULL,NULL,NULL,NULL,NULL,NULL,NULL,NULL,NULL,NULL,NULL,NULL,NULL,NULL,NULL,NULL,NULL,NULL,NULL,NULL,NULL,NULL,NULL,798,NULL,NULL,NULL,NULL),
(287,NULL,NULL,NULL,NULL,NULL,NULL,NULL,NULL,NULL,NULL,NULL,NULL,NULL,NULL,NULL,NULL,NULL,NULL,NULL,NULL,NULL,NULL,NULL,NULL,NULL,NULL,NULL,NULL,NULL,NULL,NULL,NULL,NULL,NULL,NULL,NULL,NULL,NULL,NULL,NULL,NULL,NULL,NULL,NULL,NULL,NULL,805,NULL,NULL,NULL,NULL),
(288,NULL,NULL,NULL,NULL,NULL,NULL,NULL,NULL,NULL,NULL,NULL,NULL,NULL,NULL,NULL,NULL,NULL,NULL,NULL,NULL,NULL,NULL,NULL,NULL,NULL,NULL,NULL,NULL,NULL,NULL,NULL,NULL,NULL,NULL,NULL,NULL,NULL,NULL,NULL,NULL,NULL,NULL,NULL,NULL,NULL,NULL,806,NULL,NULL,NULL,NULL),
(289,NULL,NULL,NULL,NULL,NULL,NULL,NULL,NULL,NULL,NULL,NULL,NULL,NULL,NULL,NULL,NULL,NULL,NULL,NULL,NULL,NULL,NULL,NULL,NULL,NULL,NULL,NULL,NULL,NULL,NULL,NULL,NULL,NULL,NULL,NULL,NULL,NULL,NULL,NULL,NULL,NULL,NULL,NULL,NULL,NULL,NULL,807,NULL,NULL,NULL,NULL),
(290,NULL,NULL,NULL,NULL,NULL,NULL,NULL,NULL,NULL,NULL,NULL,NULL,NULL,NULL,NULL,NULL,NULL,NULL,NULL,NULL,NULL,NULL,NULL,NULL,NULL,NULL,NULL,NULL,NULL,NULL,NULL,NULL,NULL,NULL,NULL,NULL,NULL,NULL,NULL,NULL,NULL,NULL,NULL,NULL,NULL,NULL,809,NULL,NULL,NULL,NULL),
(291,NULL,NULL,NULL,NULL,NULL,NULL,NULL,NULL,NULL,NULL,NULL,NULL,NULL,NULL,NULL,NULL,NULL,NULL,NULL,NULL,NULL,NULL,NULL,NULL,NULL,NULL,NULL,NULL,NULL,NULL,NULL,NULL,NULL,NULL,NULL,NULL,NULL,NULL,NULL,NULL,NULL,NULL,NULL,NULL,NULL,NULL,810,NULL,NULL,NULL,NULL),
(292,NULL,NULL,NULL,NULL,NULL,NULL,NULL,NULL,NULL,NULL,NULL,NULL,NULL,NULL,NULL,NULL,NULL,NULL,NULL,NULL,NULL,NULL,NULL,NULL,NULL,NULL,NULL,NULL,NULL,NULL,NULL,NULL,NULL,NULL,NULL,NULL,NULL,NULL,NULL,NULL,NULL,NULL,NULL,NULL,NULL,NULL,818,NULL,NULL,NULL,NULL),
(293,NULL,NULL,NULL,NULL,NULL,NULL,NULL,NULL,NULL,NULL,NULL,NULL,NULL,NULL,NULL,NULL,NULL,NULL,NULL,NULL,NULL,NULL,NULL,NULL,NULL,NULL,NULL,NULL,NULL,NULL,NULL,NULL,NULL,NULL,NULL,NULL,NULL,NULL,NULL,NULL,NULL,NULL,NULL,NULL,NULL,NULL,819,NULL,NULL,NULL,NULL),
(294,NULL,NULL,NULL,NULL,NULL,NULL,NULL,NULL,NULL,NULL,NULL,NULL,NULL,NULL,NULL,NULL,NULL,NULL,NULL,NULL,NULL,NULL,NULL,NULL,NULL,NULL,NULL,NULL,NULL,NULL,NULL,NULL,NULL,NULL,NULL,NULL,NULL,NULL,NULL,NULL,NULL,NULL,NULL,NULL,NULL,NULL,820,NULL,NULL,NULL,NULL),
(295,NULL,NULL,NULL,NULL,NULL,NULL,NULL,NULL,NULL,NULL,NULL,NULL,NULL,NULL,NULL,NULL,NULL,NULL,NULL,NULL,NULL,NULL,NULL,NULL,NULL,NULL,NULL,NULL,NULL,NULL,NULL,NULL,NULL,NULL,NULL,NULL,NULL,NULL,NULL,NULL,NULL,NULL,NULL,NULL,NULL,NULL,823,NULL,NULL,NULL,NULL),
(296,NULL,NULL,NULL,NULL,NULL,NULL,NULL,NULL,NULL,NULL,NULL,NULL,NULL,NULL,NULL,NULL,NULL,NULL,NULL,NULL,NULL,NULL,NULL,NULL,NULL,NULL,NULL,NULL,NULL,NULL,NULL,NULL,NULL,NULL,NULL,NULL,NULL,NULL,NULL,NULL,NULL,NULL,NULL,NULL,NULL,NULL,824,NULL,NULL,NULL,NULL),
(297,NULL,NULL,NULL,NULL,NULL,NULL,NULL,NULL,NULL,NULL,NULL,NULL,NULL,NULL,NULL,NULL,NULL,NULL,NULL,NULL,NULL,NULL,NULL,NULL,NULL,NULL,NULL,NULL,NULL,NULL,NULL,NULL,NULL,NULL,NULL,NULL,NULL,NULL,NULL,NULL,NULL,NULL,NULL,NULL,NULL,NULL,827,NULL,NULL,NULL,NULL),
(298,NULL,NULL,NULL,NULL,NULL,NULL,NULL,NULL,NULL,NULL,NULL,NULL,NULL,NULL,NULL,NULL,NULL,NULL,NULL,NULL,NULL,NULL,NULL,NULL,NULL,NULL,NULL,NULL,NULL,NULL,NULL,NULL,NULL,NULL,NULL,NULL,NULL,NULL,NULL,NULL,NULL,NULL,NULL,NULL,NULL,NULL,828,NULL,NULL,NULL,NULL),
(299,NULL,NULL,NULL,NULL,NULL,NULL,NULL,NULL,NULL,NULL,NULL,NULL,NULL,NULL,NULL,NULL,NULL,NULL,NULL,NULL,NULL,NULL,NULL,NULL,NULL,NULL,NULL,NULL,NULL,NULL,NULL,NULL,NULL,NULL,NULL,NULL,NULL,NULL,NULL,NULL,NULL,NULL,NULL,NULL,NULL,NULL,830,NULL,NULL,NULL,NULL),
(300,NULL,NULL,NULL,NULL,NULL,NULL,NULL,NULL,NULL,NULL,NULL,NULL,NULL,NULL,NULL,NULL,NULL,NULL,NULL,NULL,NULL,NULL,NULL,NULL,NULL,NULL,NULL,NULL,NULL,NULL,NULL,NULL,NULL,NULL,NULL,NULL,NULL,NULL,NULL,NULL,NULL,NULL,NULL,NULL,NULL,NULL,831,NULL,NULL,NULL,NULL),
(301,NULL,NULL,NULL,NULL,NULL,NULL,NULL,NULL,NULL,NULL,NULL,NULL,NULL,NULL,NULL,NULL,NULL,NULL,NULL,NULL,NULL,NULL,NULL,NULL,NULL,NULL,NULL,NULL,NULL,NULL,NULL,NULL,NULL,NULL,NULL,NULL,NULL,NULL,NULL,NULL,NULL,NULL,NULL,NULL,NULL,NULL,832,NULL,NULL,NULL,NULL),
(302,NULL,NULL,NULL,NULL,NULL,NULL,NULL,NULL,NULL,NULL,NULL,NULL,NULL,NULL,NULL,NULL,NULL,NULL,NULL,NULL,NULL,NULL,NULL,NULL,NULL,NULL,NULL,NULL,NULL,NULL,NULL,NULL,NULL,NULL,NULL,NULL,NULL,NULL,NULL,NULL,NULL,NULL,NULL,NULL,NULL,NULL,833,NULL,NULL,NULL,NULL),
(303,NULL,NULL,NULL,NULL,NULL,NULL,NULL,NULL,NULL,NULL,NULL,NULL,NULL,NULL,NULL,NULL,NULL,NULL,NULL,NULL,NULL,NULL,NULL,NULL,NULL,NULL,NULL,NULL,NULL,NULL,NULL,NULL,NULL,NULL,NULL,NULL,NULL,NULL,NULL,NULL,NULL,NULL,NULL,NULL,NULL,NULL,835,NULL,NULL,NULL,NULL),
(304,NULL,NULL,NULL,NULL,NULL,NULL,NULL,NULL,NULL,NULL,NULL,NULL,NULL,NULL,NULL,NULL,NULL,NULL,NULL,NULL,NULL,NULL,NULL,NULL,NULL,NULL,NULL,NULL,NULL,NULL,NULL,NULL,NULL,NULL,NULL,NULL,NULL,NULL,NULL,NULL,NULL,NULL,NULL,NULL,NULL,NULL,836,NULL,NULL,NULL,NULL),
(305,NULL,NULL,NULL,NULL,NULL,NULL,NULL,NULL,NULL,NULL,NULL,NULL,NULL,NULL,NULL,NULL,NULL,NULL,NULL,NULL,NULL,NULL,NULL,NULL,NULL,NULL,NULL,NULL,NULL,NULL,NULL,NULL,NULL,NULL,NULL,NULL,NULL,NULL,NULL,NULL,NULL,NULL,NULL,NULL,NULL,NULL,841,NULL,NULL,NULL,NULL),
(306,NULL,NULL,NULL,NULL,NULL,NULL,NULL,NULL,NULL,NULL,NULL,NULL,NULL,NULL,NULL,NULL,NULL,NULL,NULL,NULL,NULL,NULL,NULL,NULL,NULL,NULL,NULL,NULL,NULL,NULL,NULL,NULL,NULL,NULL,NULL,NULL,NULL,NULL,NULL,NULL,NULL,NULL,NULL,NULL,NULL,NULL,845,NULL,NULL,NULL,NULL),
(307,NULL,NULL,NULL,NULL,NULL,NULL,NULL,NULL,NULL,NULL,NULL,NULL,NULL,NULL,NULL,NULL,NULL,NULL,NULL,NULL,NULL,NULL,NULL,NULL,NULL,NULL,NULL,NULL,NULL,NULL,NULL,NULL,NULL,NULL,NULL,NULL,NULL,NULL,NULL,NULL,NULL,NULL,NULL,NULL,NULL,NULL,848,NULL,NULL,NULL,NULL),
(308,NULL,NULL,NULL,NULL,NULL,NULL,NULL,NULL,NULL,NULL,NULL,NULL,NULL,NULL,NULL,NULL,NULL,NULL,NULL,NULL,NULL,NULL,NULL,NULL,NULL,NULL,NULL,NULL,NULL,NULL,NULL,NULL,NULL,NULL,NULL,NULL,NULL,NULL,NULL,NULL,NULL,NULL,NULL,NULL,NULL,NULL,849,NULL,NULL,NULL,NULL),
(309,NULL,NULL,NULL,NULL,NULL,NULL,NULL,NULL,NULL,NULL,NULL,NULL,NULL,NULL,NULL,NULL,NULL,NULL,NULL,NULL,NULL,NULL,NULL,NULL,NULL,NULL,NULL,NULL,NULL,NULL,NULL,NULL,NULL,NULL,NULL,NULL,NULL,NULL,NULL,NULL,NULL,NULL,NULL,NULL,NULL,NULL,851,NULL,NULL,NULL,NULL),
(310,NULL,NULL,NULL,NULL,NULL,NULL,NULL,NULL,NULL,NULL,NULL,NULL,NULL,NULL,NULL,NULL,NULL,NULL,NULL,NULL,NULL,NULL,NULL,NULL,NULL,NULL,NULL,NULL,NULL,NULL,NULL,NULL,NULL,NULL,NULL,NULL,NULL,NULL,NULL,NULL,NULL,NULL,NULL,NULL,NULL,NULL,854,NULL,NULL,NULL,NULL),
(311,NULL,NULL,NULL,NULL,NULL,NULL,NULL,NULL,NULL,NULL,NULL,NULL,NULL,NULL,NULL,NULL,NULL,NULL,NULL,NULL,NULL,NULL,NULL,NULL,NULL,NULL,NULL,NULL,NULL,NULL,NULL,NULL,NULL,NULL,NULL,NULL,NULL,NULL,NULL,NULL,NULL,NULL,NULL,NULL,NULL,NULL,855,NULL,NULL,NULL,NULL),
(312,NULL,NULL,NULL,NULL,NULL,NULL,NULL,NULL,NULL,NULL,NULL,NULL,NULL,NULL,NULL,NULL,NULL,NULL,NULL,NULL,NULL,NULL,NULL,NULL,NULL,NULL,NULL,NULL,NULL,NULL,NULL,NULL,NULL,NULL,NULL,NULL,NULL,NULL,NULL,NULL,NULL,NULL,NULL,NULL,NULL,NULL,857,NULL,NULL,NULL,NULL),
(313,NULL,NULL,NULL,NULL,NULL,NULL,NULL,NULL,NULL,NULL,NULL,NULL,NULL,NULL,NULL,NULL,NULL,NULL,NULL,NULL,NULL,NULL,NULL,NULL,NULL,NULL,NULL,NULL,NULL,NULL,NULL,NULL,NULL,NULL,NULL,NULL,NULL,NULL,NULL,NULL,NULL,NULL,NULL,NULL,NULL,NULL,860,NULL,NULL,NULL,NULL),
(314,NULL,NULL,NULL,NULL,NULL,NULL,NULL,NULL,NULL,NULL,NULL,NULL,NULL,NULL,NULL,NULL,NULL,NULL,NULL,NULL,NULL,NULL,NULL,NULL,NULL,NULL,NULL,NULL,NULL,NULL,NULL,NULL,NULL,NULL,NULL,NULL,NULL,NULL,NULL,NULL,NULL,NULL,NULL,NULL,NULL,NULL,863,NULL,NULL,NULL,NULL),
(315,NULL,NULL,NULL,NULL,NULL,NULL,NULL,NULL,NULL,NULL,NULL,NULL,NULL,NULL,NULL,NULL,NULL,NULL,NULL,NULL,NULL,NULL,NULL,NULL,NULL,NULL,NULL,NULL,NULL,NULL,NULL,NULL,NULL,NULL,NULL,NULL,NULL,NULL,NULL,NULL,NULL,NULL,NULL,NULL,NULL,NULL,866,NULL,NULL,NULL,NULL),
(316,NULL,NULL,NULL,NULL,NULL,NULL,NULL,NULL,NULL,NULL,NULL,NULL,NULL,NULL,NULL,NULL,NULL,NULL,NULL,NULL,NULL,NULL,NULL,NULL,NULL,NULL,NULL,NULL,NULL,NULL,NULL,NULL,NULL,NULL,NULL,NULL,NULL,NULL,NULL,NULL,NULL,NULL,NULL,NULL,NULL,NULL,869,NULL,NULL,NULL,NULL),
(317,NULL,NULL,NULL,NULL,NULL,NULL,NULL,NULL,NULL,NULL,NULL,NULL,NULL,NULL,NULL,NULL,NULL,NULL,NULL,NULL,NULL,NULL,NULL,NULL,NULL,NULL,NULL,NULL,NULL,NULL,NULL,NULL,NULL,NULL,NULL,NULL,NULL,NULL,NULL,NULL,NULL,NULL,NULL,NULL,NULL,NULL,871,NULL,NULL,NULL,NULL),
(318,NULL,NULL,NULL,NULL,NULL,NULL,NULL,NULL,NULL,NULL,NULL,NULL,NULL,NULL,NULL,NULL,NULL,NULL,NULL,NULL,NULL,NULL,NULL,NULL,NULL,NULL,NULL,NULL,NULL,NULL,NULL,NULL,NULL,NULL,NULL,NULL,NULL,NULL,NULL,NULL,NULL,NULL,NULL,NULL,NULL,NULL,872,NULL,NULL,NULL,NULL),
(319,NULL,NULL,NULL,NULL,NULL,NULL,NULL,NULL,NULL,NULL,NULL,NULL,NULL,NULL,NULL,NULL,NULL,NULL,NULL,NULL,NULL,NULL,NULL,NULL,NULL,NULL,NULL,NULL,NULL,NULL,NULL,NULL,NULL,NULL,NULL,NULL,NULL,NULL,NULL,NULL,NULL,NULL,NULL,NULL,NULL,NULL,876,NULL,NULL,NULL,NULL),
(320,NULL,NULL,NULL,NULL,NULL,NULL,NULL,NULL,NULL,NULL,NULL,NULL,NULL,NULL,NULL,NULL,NULL,NULL,NULL,NULL,NULL,NULL,NULL,NULL,NULL,NULL,NULL,NULL,NULL,NULL,NULL,NULL,NULL,NULL,NULL,NULL,NULL,NULL,NULL,NULL,NULL,NULL,NULL,NULL,NULL,NULL,881,NULL,NULL,NULL,NULL),
(321,NULL,NULL,NULL,NULL,NULL,NULL,NULL,NULL,NULL,NULL,NULL,NULL,NULL,NULL,NULL,NULL,NULL,NULL,NULL,NULL,NULL,NULL,NULL,NULL,NULL,NULL,NULL,NULL,NULL,NULL,NULL,NULL,NULL,NULL,NULL,NULL,NULL,NULL,NULL,NULL,NULL,NULL,NULL,NULL,NULL,NULL,886,NULL,NULL,NULL,NULL),
(322,NULL,NULL,NULL,NULL,NULL,NULL,NULL,NULL,NULL,NULL,NULL,NULL,NULL,NULL,NULL,NULL,NULL,NULL,NULL,NULL,NULL,NULL,NULL,NULL,NULL,NULL,NULL,NULL,NULL,NULL,NULL,NULL,NULL,NULL,NULL,NULL,NULL,NULL,NULL,NULL,NULL,NULL,NULL,NULL,NULL,NULL,887,NULL,NULL,NULL,NULL),
(323,NULL,NULL,NULL,NULL,NULL,NULL,NULL,NULL,NULL,NULL,NULL,NULL,NULL,NULL,NULL,NULL,NULL,NULL,NULL,NULL,NULL,NULL,NULL,NULL,NULL,NULL,NULL,NULL,NULL,NULL,NULL,NULL,NULL,NULL,NULL,NULL,NULL,NULL,NULL,NULL,NULL,NULL,NULL,NULL,NULL,NULL,890,NULL,NULL,NULL,NULL),
(324,NULL,NULL,NULL,NULL,NULL,NULL,NULL,NULL,NULL,NULL,NULL,NULL,NULL,NULL,NULL,NULL,NULL,NULL,NULL,NULL,NULL,NULL,NULL,NULL,NULL,NULL,NULL,NULL,NULL,NULL,NULL,NULL,NULL,NULL,NULL,NULL,NULL,NULL,NULL,NULL,NULL,NULL,NULL,NULL,NULL,NULL,894,NULL,NULL,NULL,NULL),
(325,NULL,NULL,NULL,NULL,NULL,NULL,NULL,NULL,NULL,NULL,NULL,NULL,NULL,NULL,NULL,NULL,NULL,NULL,NULL,NULL,NULL,NULL,NULL,NULL,NULL,NULL,NULL,NULL,NULL,NULL,NULL,NULL,NULL,NULL,NULL,NULL,NULL,NULL,NULL,NULL,NULL,NULL,NULL,NULL,NULL,NULL,896,NULL,NULL,NULL,NULL),
(326,NULL,NULL,NULL,NULL,NULL,NULL,NULL,NULL,NULL,NULL,NULL,NULL,NULL,NULL,NULL,NULL,NULL,NULL,NULL,NULL,NULL,NULL,NULL,NULL,NULL,NULL,NULL,NULL,NULL,NULL,NULL,NULL,NULL,NULL,NULL,NULL,NULL,NULL,NULL,NULL,NULL,NULL,NULL,NULL,NULL,NULL,899,NULL,NULL,NULL,NULL),
(327,NULL,NULL,NULL,NULL,NULL,NULL,NULL,NULL,NULL,NULL,NULL,NULL,NULL,NULL,NULL,NULL,NULL,NULL,NULL,NULL,NULL,NULL,NULL,NULL,NULL,NULL,NULL,NULL,NULL,NULL,NULL,NULL,NULL,NULL,NULL,NULL,NULL,NULL,NULL,NULL,NULL,NULL,NULL,NULL,NULL,NULL,901,NULL,NULL,NULL,NULL),
(328,NULL,NULL,NULL,NULL,NULL,NULL,NULL,NULL,NULL,NULL,NULL,NULL,NULL,NULL,NULL,NULL,NULL,NULL,NULL,NULL,NULL,NULL,NULL,NULL,NULL,NULL,NULL,NULL,NULL,NULL,NULL,NULL,NULL,NULL,NULL,NULL,NULL,NULL,NULL,NULL,NULL,NULL,NULL,NULL,NULL,NULL,902,NULL,NULL,NULL,NULL),
(329,NULL,NULL,NULL,NULL,NULL,NULL,NULL,NULL,NULL,NULL,NULL,NULL,NULL,NULL,NULL,NULL,NULL,NULL,NULL,NULL,NULL,NULL,NULL,NULL,NULL,NULL,NULL,NULL,NULL,NULL,NULL,NULL,NULL,NULL,NULL,NULL,NULL,NULL,NULL,NULL,NULL,NULL,NULL,NULL,NULL,NULL,908,NULL,NULL,NULL,NULL),
(330,NULL,NULL,NULL,NULL,NULL,NULL,NULL,NULL,NULL,NULL,NULL,NULL,NULL,NULL,NULL,NULL,NULL,NULL,NULL,NULL,NULL,NULL,NULL,NULL,NULL,NULL,NULL,NULL,NULL,NULL,NULL,NULL,NULL,NULL,NULL,NULL,NULL,NULL,NULL,NULL,NULL,NULL,NULL,NULL,NULL,NULL,910,NULL,NULL,NULL,NULL),
(331,NULL,NULL,NULL,NULL,NULL,NULL,NULL,NULL,NULL,NULL,NULL,NULL,NULL,NULL,NULL,NULL,NULL,NULL,NULL,NULL,NULL,NULL,NULL,NULL,NULL,NULL,NULL,NULL,NULL,NULL,NULL,NULL,NULL,NULL,NULL,NULL,NULL,NULL,NULL,NULL,NULL,NULL,NULL,NULL,NULL,NULL,911,NULL,NULL,NULL,NULL),
(332,NULL,NULL,NULL,NULL,NULL,NULL,NULL,NULL,NULL,NULL,NULL,NULL,NULL,NULL,NULL,NULL,NULL,NULL,NULL,NULL,NULL,NULL,NULL,NULL,NULL,NULL,NULL,NULL,NULL,NULL,NULL,NULL,NULL,NULL,NULL,NULL,NULL,NULL,NULL,NULL,NULL,NULL,NULL,NULL,NULL,NULL,913,NULL,NULL,NULL,NULL),
(333,NULL,NULL,NULL,NULL,NULL,NULL,NULL,NULL,NULL,NULL,NULL,NULL,NULL,NULL,NULL,NULL,NULL,NULL,NULL,NULL,NULL,NULL,NULL,NULL,NULL,NULL,NULL,NULL,NULL,NULL,NULL,NULL,NULL,NULL,NULL,NULL,NULL,NULL,NULL,NULL,NULL,NULL,NULL,NULL,NULL,NULL,914,NULL,NULL,NULL,NULL),
(334,NULL,NULL,NULL,NULL,NULL,NULL,NULL,NULL,NULL,NULL,NULL,NULL,NULL,NULL,NULL,NULL,NULL,NULL,NULL,NULL,NULL,NULL,NULL,NULL,NULL,NULL,NULL,NULL,NULL,NULL,NULL,NULL,NULL,NULL,NULL,NULL,NULL,NULL,NULL,NULL,NULL,NULL,NULL,NULL,NULL,NULL,915,NULL,NULL,NULL,NULL),
(335,NULL,NULL,NULL,NULL,NULL,NULL,NULL,NULL,NULL,NULL,NULL,NULL,NULL,NULL,NULL,NULL,NULL,NULL,NULL,NULL,NULL,NULL,NULL,NULL,NULL,NULL,NULL,NULL,NULL,NULL,NULL,NULL,NULL,NULL,NULL,NULL,NULL,NULL,NULL,NULL,NULL,NULL,NULL,NULL,NULL,NULL,916,NULL,NULL,NULL,NULL),
(336,NULL,NULL,NULL,NULL,NULL,NULL,NULL,NULL,NULL,NULL,NULL,NULL,NULL,NULL,NULL,NULL,NULL,NULL,NULL,NULL,NULL,NULL,NULL,NULL,NULL,NULL,NULL,NULL,NULL,NULL,NULL,NULL,NULL,NULL,NULL,NULL,NULL,NULL,NULL,NULL,NULL,NULL,NULL,NULL,NULL,NULL,923,NULL,NULL,NULL,NULL),
(337,NULL,NULL,NULL,NULL,NULL,NULL,NULL,NULL,NULL,NULL,NULL,NULL,NULL,NULL,NULL,NULL,NULL,NULL,NULL,NULL,NULL,NULL,NULL,NULL,NULL,NULL,NULL,NULL,NULL,NULL,NULL,NULL,NULL,NULL,NULL,NULL,NULL,NULL,NULL,NULL,NULL,NULL,NULL,NULL,NULL,NULL,924,NULL,NULL,NULL,NULL),
(338,NULL,NULL,NULL,NULL,NULL,NULL,NULL,NULL,NULL,NULL,NULL,NULL,NULL,NULL,NULL,NULL,NULL,NULL,NULL,NULL,NULL,NULL,NULL,NULL,NULL,NULL,NULL,NULL,NULL,NULL,NULL,NULL,NULL,NULL,NULL,NULL,NULL,NULL,NULL,NULL,NULL,NULL,NULL,NULL,NULL,NULL,925,NULL,NULL,NULL,NULL),
(339,NULL,NULL,NULL,NULL,NULL,NULL,NULL,NULL,NULL,NULL,NULL,NULL,NULL,NULL,NULL,NULL,NULL,NULL,NULL,NULL,NULL,NULL,NULL,NULL,NULL,NULL,NULL,NULL,NULL,NULL,NULL,NULL,NULL,NULL,NULL,NULL,NULL,NULL,NULL,NULL,NULL,NULL,NULL,NULL,NULL,NULL,927,NULL,NULL,NULL,NULL),
(340,NULL,NULL,NULL,NULL,NULL,NULL,NULL,NULL,NULL,NULL,NULL,NULL,NULL,NULL,NULL,NULL,NULL,NULL,NULL,NULL,NULL,NULL,NULL,NULL,NULL,NULL,NULL,NULL,NULL,NULL,NULL,NULL,NULL,NULL,NULL,NULL,NULL,NULL,NULL,NULL,NULL,NULL,NULL,NULL,NULL,NULL,928,NULL,NULL,NULL,NULL),
(341,NULL,NULL,NULL,NULL,NULL,NULL,NULL,NULL,NULL,NULL,NULL,NULL,NULL,NULL,NULL,NULL,NULL,NULL,NULL,NULL,NULL,NULL,NULL,NULL,NULL,NULL,NULL,NULL,NULL,NULL,NULL,NULL,NULL,NULL,NULL,NULL,NULL,NULL,NULL,NULL,NULL,NULL,NULL,NULL,NULL,NULL,936,NULL,NULL,NULL,NULL),
(342,NULL,NULL,NULL,NULL,NULL,NULL,NULL,NULL,NULL,NULL,NULL,NULL,NULL,NULL,NULL,NULL,NULL,NULL,NULL,NULL,NULL,NULL,NULL,NULL,NULL,NULL,NULL,NULL,NULL,NULL,NULL,NULL,NULL,NULL,NULL,NULL,NULL,NULL,NULL,NULL,NULL,NULL,NULL,NULL,NULL,NULL,937,NULL,NULL,NULL,NULL),
(343,NULL,NULL,NULL,NULL,NULL,NULL,NULL,NULL,NULL,NULL,NULL,NULL,NULL,NULL,NULL,NULL,NULL,NULL,NULL,NULL,NULL,NULL,NULL,NULL,NULL,NULL,NULL,NULL,NULL,NULL,NULL,NULL,NULL,NULL,NULL,NULL,NULL,NULL,NULL,NULL,NULL,NULL,NULL,NULL,NULL,NULL,938,NULL,NULL,NULL,NULL),
(344,NULL,NULL,NULL,NULL,NULL,NULL,NULL,NULL,NULL,NULL,NULL,NULL,NULL,NULL,NULL,NULL,NULL,NULL,NULL,NULL,NULL,NULL,NULL,NULL,NULL,NULL,NULL,NULL,NULL,NULL,NULL,NULL,NULL,NULL,NULL,NULL,NULL,NULL,NULL,NULL,NULL,NULL,NULL,NULL,NULL,NULL,941,NULL,NULL,NULL,NULL),
(345,NULL,NULL,NULL,NULL,NULL,NULL,NULL,NULL,NULL,NULL,NULL,NULL,NULL,NULL,NULL,NULL,NULL,NULL,NULL,NULL,NULL,NULL,NULL,NULL,NULL,NULL,NULL,NULL,NULL,NULL,NULL,NULL,NULL,NULL,NULL,NULL,NULL,NULL,NULL,NULL,NULL,NULL,NULL,NULL,NULL,NULL,942,NULL,NULL,NULL,NULL),
(346,NULL,NULL,NULL,NULL,NULL,NULL,NULL,NULL,NULL,NULL,NULL,NULL,NULL,NULL,NULL,NULL,NULL,NULL,NULL,NULL,NULL,NULL,NULL,NULL,NULL,NULL,NULL,NULL,NULL,NULL,NULL,NULL,NULL,NULL,NULL,NULL,NULL,NULL,NULL,NULL,NULL,NULL,NULL,NULL,NULL,NULL,945,NULL,NULL,NULL,NULL),
(347,NULL,NULL,NULL,NULL,NULL,NULL,NULL,NULL,NULL,NULL,NULL,NULL,NULL,NULL,NULL,NULL,NULL,NULL,NULL,NULL,NULL,NULL,NULL,NULL,NULL,NULL,NULL,NULL,NULL,NULL,NULL,NULL,NULL,NULL,NULL,NULL,NULL,NULL,NULL,NULL,NULL,NULL,NULL,NULL,NULL,NULL,946,NULL,NULL,NULL,NULL),
(348,NULL,NULL,NULL,NULL,NULL,NULL,NULL,NULL,NULL,NULL,NULL,NULL,NULL,NULL,NULL,NULL,NULL,NULL,NULL,NULL,NULL,NULL,NULL,NULL,NULL,NULL,NULL,NULL,NULL,NULL,NULL,NULL,NULL,NULL,NULL,NULL,NULL,NULL,NULL,NULL,NULL,NULL,NULL,NULL,NULL,NULL,948,NULL,NULL,NULL,NULL),
(349,NULL,NULL,NULL,NULL,NULL,NULL,NULL,NULL,NULL,NULL,NULL,NULL,NULL,NULL,NULL,NULL,NULL,NULL,NULL,NULL,NULL,NULL,NULL,NULL,NULL,NULL,NULL,NULL,NULL,NULL,NULL,NULL,NULL,NULL,NULL,NULL,NULL,NULL,NULL,NULL,NULL,NULL,NULL,NULL,NULL,NULL,949,NULL,NULL,NULL,NULL),
(350,NULL,NULL,NULL,NULL,NULL,NULL,NULL,NULL,NULL,NULL,NULL,NULL,NULL,NULL,NULL,NULL,NULL,NULL,NULL,NULL,NULL,NULL,NULL,NULL,NULL,NULL,NULL,NULL,NULL,NULL,NULL,NULL,NULL,NULL,NULL,NULL,NULL,NULL,NULL,NULL,NULL,NULL,NULL,NULL,NULL,NULL,950,NULL,NULL,NULL,NULL),
(351,NULL,NULL,NULL,NULL,NULL,NULL,NULL,NULL,NULL,NULL,NULL,NULL,NULL,NULL,NULL,NULL,NULL,NULL,NULL,NULL,NULL,NULL,NULL,NULL,NULL,NULL,NULL,NULL,NULL,NULL,NULL,NULL,NULL,NULL,NULL,NULL,NULL,NULL,NULL,NULL,NULL,NULL,NULL,NULL,NULL,NULL,951,NULL,NULL,NULL,NULL),
(352,NULL,NULL,NULL,NULL,NULL,NULL,NULL,NULL,NULL,NULL,NULL,NULL,NULL,NULL,NULL,NULL,NULL,NULL,NULL,NULL,NULL,NULL,NULL,NULL,NULL,NULL,NULL,NULL,NULL,NULL,NULL,NULL,NULL,NULL,NULL,NULL,NULL,NULL,NULL,NULL,NULL,NULL,NULL,NULL,NULL,NULL,953,NULL,NULL,NULL,NULL),
(353,NULL,NULL,NULL,NULL,NULL,NULL,NULL,NULL,NULL,NULL,NULL,NULL,NULL,NULL,NULL,NULL,NULL,NULL,NULL,NULL,NULL,NULL,NULL,NULL,NULL,NULL,NULL,NULL,NULL,NULL,NULL,NULL,NULL,NULL,NULL,NULL,NULL,NULL,NULL,NULL,NULL,NULL,NULL,NULL,NULL,NULL,954,NULL,NULL,NULL,NULL),
(354,NULL,NULL,NULL,NULL,NULL,NULL,NULL,NULL,NULL,NULL,NULL,NULL,NULL,NULL,NULL,NULL,NULL,NULL,NULL,NULL,NULL,NULL,NULL,NULL,NULL,NULL,NULL,NULL,NULL,NULL,NULL,NULL,NULL,NULL,NULL,NULL,NULL,NULL,NULL,NULL,NULL,NULL,NULL,NULL,NULL,NULL,959,NULL,NULL,NULL,NULL),
(355,NULL,NULL,NULL,NULL,NULL,NULL,NULL,NULL,NULL,NULL,NULL,NULL,NULL,NULL,NULL,NULL,NULL,NULL,NULL,NULL,NULL,NULL,NULL,NULL,NULL,NULL,NULL,NULL,NULL,NULL,NULL,NULL,NULL,NULL,NULL,NULL,NULL,NULL,NULL,NULL,NULL,NULL,NULL,NULL,NULL,NULL,963,NULL,NULL,NULL,NULL),
(356,NULL,NULL,NULL,NULL,NULL,NULL,NULL,NULL,NULL,NULL,NULL,NULL,NULL,NULL,NULL,NULL,NULL,NULL,NULL,NULL,NULL,NULL,NULL,NULL,NULL,NULL,NULL,NULL,NULL,NULL,NULL,NULL,NULL,NULL,NULL,NULL,NULL,NULL,NULL,NULL,NULL,NULL,NULL,NULL,NULL,NULL,966,NULL,NULL,NULL,NULL),
(357,NULL,NULL,NULL,NULL,NULL,NULL,NULL,NULL,NULL,NULL,NULL,NULL,NULL,NULL,NULL,NULL,NULL,NULL,NULL,NULL,NULL,NULL,NULL,NULL,NULL,NULL,NULL,NULL,NULL,NULL,NULL,NULL,NULL,NULL,NULL,NULL,NULL,NULL,NULL,NULL,NULL,NULL,NULL,NULL,NULL,NULL,967,NULL,NULL,NULL,NULL),
(358,NULL,NULL,NULL,NULL,NULL,NULL,NULL,NULL,NULL,NULL,NULL,NULL,NULL,NULL,NULL,NULL,NULL,NULL,NULL,NULL,NULL,NULL,NULL,NULL,NULL,NULL,NULL,NULL,NULL,NULL,NULL,NULL,NULL,NULL,NULL,NULL,NULL,NULL,NULL,NULL,NULL,NULL,NULL,NULL,NULL,NULL,969,NULL,NULL,NULL,NULL),
(359,NULL,NULL,NULL,NULL,NULL,NULL,NULL,NULL,NULL,NULL,NULL,NULL,NULL,NULL,NULL,NULL,NULL,NULL,NULL,NULL,NULL,NULL,NULL,NULL,NULL,NULL,NULL,NULL,NULL,NULL,NULL,NULL,NULL,NULL,NULL,NULL,NULL,NULL,NULL,NULL,NULL,NULL,NULL,NULL,NULL,NULL,972,NULL,NULL,NULL,NULL),
(360,NULL,NULL,NULL,NULL,NULL,NULL,NULL,NULL,NULL,NULL,NULL,NULL,NULL,NULL,NULL,NULL,NULL,NULL,NULL,NULL,NULL,NULL,NULL,NULL,NULL,NULL,NULL,NULL,NULL,NULL,NULL,NULL,NULL,NULL,NULL,NULL,NULL,NULL,NULL,NULL,NULL,NULL,NULL,NULL,NULL,NULL,973,NULL,NULL,NULL,NULL),
(361,NULL,NULL,NULL,NULL,NULL,NULL,NULL,NULL,NULL,NULL,NULL,NULL,NULL,NULL,NULL,NULL,NULL,NULL,NULL,NULL,NULL,NULL,NULL,NULL,NULL,NULL,NULL,NULL,NULL,NULL,NULL,NULL,NULL,NULL,NULL,NULL,NULL,NULL,NULL,NULL,NULL,NULL,NULL,NULL,NULL,NULL,975,NULL,NULL,NULL,NULL),
(362,NULL,NULL,NULL,NULL,NULL,NULL,NULL,NULL,NULL,NULL,NULL,NULL,NULL,NULL,NULL,NULL,NULL,NULL,NULL,NULL,NULL,NULL,NULL,NULL,NULL,NULL,NULL,NULL,NULL,NULL,NULL,NULL,NULL,NULL,NULL,NULL,NULL,NULL,NULL,NULL,NULL,NULL,NULL,NULL,NULL,NULL,978,NULL,NULL,NULL,NULL),
(363,NULL,NULL,NULL,NULL,NULL,NULL,NULL,NULL,NULL,NULL,NULL,NULL,NULL,NULL,NULL,NULL,NULL,NULL,NULL,NULL,NULL,NULL,NULL,NULL,NULL,NULL,NULL,NULL,NULL,NULL,NULL,NULL,NULL,NULL,NULL,NULL,NULL,NULL,NULL,NULL,NULL,NULL,NULL,NULL,NULL,NULL,981,NULL,NULL,NULL,NULL),
(364,NULL,NULL,NULL,NULL,NULL,NULL,NULL,NULL,NULL,NULL,NULL,NULL,NULL,NULL,NULL,NULL,NULL,NULL,NULL,NULL,NULL,NULL,NULL,NULL,NULL,NULL,NULL,NULL,NULL,NULL,NULL,NULL,NULL,NULL,NULL,NULL,NULL,NULL,NULL,NULL,NULL,NULL,NULL,NULL,NULL,NULL,984,NULL,NULL,NULL,NULL),
(365,NULL,NULL,NULL,NULL,NULL,NULL,NULL,NULL,NULL,NULL,NULL,NULL,NULL,NULL,NULL,NULL,NULL,NULL,NULL,NULL,NULL,NULL,NULL,NULL,NULL,NULL,NULL,NULL,NULL,NULL,NULL,NULL,NULL,NULL,NULL,NULL,NULL,NULL,NULL,NULL,NULL,NULL,NULL,NULL,NULL,NULL,987,NULL,NULL,NULL,NULL),
(366,NULL,NULL,NULL,NULL,NULL,NULL,NULL,NULL,NULL,NULL,NULL,NULL,NULL,NULL,NULL,NULL,NULL,NULL,NULL,NULL,NULL,NULL,NULL,NULL,NULL,NULL,NULL,NULL,NULL,NULL,NULL,NULL,NULL,NULL,NULL,NULL,NULL,NULL,NULL,NULL,NULL,NULL,NULL,NULL,NULL,NULL,989,NULL,NULL,NULL,NULL),
(367,NULL,NULL,NULL,NULL,NULL,NULL,NULL,NULL,NULL,NULL,NULL,NULL,NULL,NULL,NULL,NULL,NULL,NULL,NULL,NULL,NULL,NULL,NULL,NULL,NULL,NULL,NULL,NULL,NULL,NULL,NULL,NULL,NULL,NULL,NULL,NULL,NULL,NULL,NULL,NULL,NULL,NULL,NULL,NULL,NULL,NULL,990,NULL,NULL,NULL,NULL),
(368,NULL,NULL,NULL,NULL,NULL,NULL,NULL,NULL,NULL,NULL,NULL,NULL,NULL,NULL,NULL,NULL,NULL,NULL,NULL,NULL,NULL,NULL,NULL,NULL,NULL,NULL,NULL,NULL,NULL,NULL,NULL,NULL,NULL,NULL,NULL,NULL,NULL,NULL,NULL,NULL,NULL,NULL,NULL,NULL,NULL,NULL,994,NULL,NULL,NULL,NULL),
(369,NULL,NULL,NULL,NULL,NULL,NULL,NULL,NULL,NULL,NULL,NULL,NULL,NULL,NULL,NULL,NULL,NULL,NULL,NULL,NULL,NULL,NULL,NULL,NULL,NULL,NULL,NULL,NULL,NULL,NULL,NULL,NULL,NULL,NULL,NULL,NULL,NULL,NULL,NULL,NULL,NULL,NULL,NULL,NULL,NULL,NULL,999,NULL,NULL,NULL,NULL),
(370,NULL,NULL,NULL,NULL,NULL,NULL,NULL,NULL,NULL,NULL,NULL,NULL,NULL,NULL,NULL,NULL,NULL,NULL,NULL,NULL,NULL,NULL,NULL,NULL,NULL,NULL,NULL,NULL,NULL,NULL,NULL,NULL,NULL,NULL,NULL,NULL,NULL,NULL,NULL,NULL,NULL,NULL,NULL,NULL,NULL,NULL,1003,NULL,NULL,NULL,NULL),
(371,NULL,NULL,NULL,NULL,NULL,NULL,NULL,NULL,NULL,NULL,NULL,NULL,NULL,NULL,NULL,NULL,NULL,NULL,NULL,NULL,NULL,NULL,NULL,NULL,NULL,NULL,NULL,NULL,NULL,NULL,NULL,NULL,NULL,NULL,NULL,NULL,NULL,NULL,NULL,NULL,NULL,NULL,NULL,NULL,NULL,NULL,1005,NULL,NULL,NULL,NULL),
(372,NULL,NULL,NULL,NULL,NULL,NULL,NULL,NULL,NULL,NULL,NULL,NULL,NULL,NULL,NULL,NULL,NULL,NULL,NULL,NULL,NULL,NULL,NULL,NULL,NULL,NULL,NULL,NULL,NULL,NULL,NULL,NULL,NULL,NULL,NULL,NULL,NULL,NULL,NULL,NULL,NULL,NULL,NULL,NULL,NULL,NULL,1008,NULL,NULL,NULL,NULL),
(373,NULL,NULL,NULL,NULL,NULL,NULL,NULL,NULL,NULL,NULL,NULL,NULL,NULL,NULL,NULL,NULL,NULL,NULL,NULL,NULL,NULL,NULL,NULL,NULL,NULL,NULL,NULL,NULL,NULL,NULL,NULL,NULL,NULL,NULL,NULL,NULL,NULL,NULL,NULL,NULL,NULL,NULL,NULL,NULL,NULL,NULL,1010,NULL,NULL,NULL,NULL),
(374,NULL,NULL,NULL,NULL,NULL,NULL,NULL,NULL,NULL,NULL,NULL,NULL,NULL,NULL,NULL,NULL,NULL,NULL,NULL,NULL,NULL,NULL,NULL,NULL,NULL,NULL,NULL,NULL,NULL,NULL,NULL,NULL,NULL,NULL,NULL,NULL,NULL,NULL,NULL,NULL,NULL,NULL,NULL,NULL,NULL,NULL,1011,NULL,NULL,NULL,NULL),
(375,NULL,NULL,NULL,NULL,NULL,NULL,NULL,NULL,NULL,NULL,NULL,NULL,NULL,NULL,NULL,NULL,NULL,NULL,NULL,NULL,NULL,NULL,NULL,NULL,NULL,NULL,NULL,NULL,NULL,NULL,NULL,NULL,NULL,NULL,NULL,NULL,NULL,NULL,NULL,NULL,NULL,NULL,NULL,NULL,NULL,NULL,1016,NULL,NULL,NULL,NULL),
(376,NULL,NULL,NULL,NULL,NULL,NULL,NULL,NULL,NULL,NULL,NULL,NULL,NULL,NULL,NULL,NULL,NULL,NULL,NULL,NULL,NULL,NULL,NULL,NULL,NULL,NULL,NULL,NULL,NULL,NULL,NULL,NULL,NULL,NULL,NULL,NULL,NULL,NULL,NULL,NULL,NULL,NULL,NULL,NULL,NULL,NULL,1018,NULL,NULL,NULL,NULL),
(377,NULL,NULL,NULL,NULL,NULL,NULL,NULL,NULL,NULL,NULL,NULL,NULL,NULL,NULL,NULL,NULL,NULL,NULL,NULL,NULL,NULL,NULL,NULL,NULL,NULL,NULL,NULL,NULL,NULL,NULL,NULL,NULL,NULL,NULL,NULL,NULL,NULL,NULL,NULL,NULL,NULL,NULL,NULL,NULL,NULL,NULL,1019,NULL,NULL,NULL,NULL),
(378,NULL,NULL,NULL,NULL,NULL,NULL,NULL,NULL,NULL,NULL,NULL,NULL,NULL,NULL,NULL,NULL,NULL,NULL,NULL,NULL,NULL,NULL,NULL,NULL,NULL,NULL,NULL,NULL,NULL,NULL,NULL,NULL,NULL,NULL,NULL,NULL,NULL,NULL,NULL,NULL,NULL,NULL,NULL,NULL,NULL,NULL,1021,NULL,NULL,NULL,NULL),
(379,NULL,NULL,NULL,NULL,NULL,NULL,NULL,NULL,NULL,NULL,NULL,NULL,NULL,NULL,NULL,NULL,NULL,NULL,NULL,NULL,NULL,NULL,NULL,NULL,NULL,NULL,NULL,NULL,NULL,NULL,NULL,NULL,NULL,NULL,NULL,NULL,NULL,NULL,NULL,NULL,NULL,NULL,NULL,NULL,NULL,NULL,1022,NULL,NULL,NULL,NULL),
(380,NULL,NULL,NULL,NULL,NULL,NULL,NULL,NULL,NULL,NULL,NULL,NULL,NULL,NULL,NULL,NULL,NULL,NULL,NULL,NULL,NULL,NULL,NULL,NULL,NULL,NULL,NULL,NULL,NULL,NULL,NULL,NULL,NULL,NULL,NULL,NULL,NULL,NULL,NULL,NULL,NULL,NULL,NULL,NULL,NULL,NULL,1023,NULL,NULL,NULL,NULL),
(381,NULL,NULL,NULL,NULL,NULL,NULL,NULL,NULL,NULL,NULL,NULL,NULL,NULL,NULL,NULL,NULL,NULL,NULL,NULL,NULL,NULL,NULL,NULL,NULL,NULL,NULL,NULL,NULL,NULL,NULL,NULL,NULL,NULL,NULL,NULL,NULL,NULL,NULL,NULL,NULL,NULL,NULL,NULL,NULL,NULL,NULL,1024,NULL,NULL,NULL,NULL),
(382,NULL,NULL,NULL,NULL,NULL,NULL,NULL,NULL,NULL,NULL,NULL,NULL,NULL,NULL,NULL,NULL,NULL,NULL,NULL,NULL,NULL,NULL,NULL,NULL,NULL,NULL,NULL,NULL,NULL,NULL,NULL,NULL,NULL,NULL,NULL,NULL,NULL,NULL,NULL,NULL,NULL,NULL,NULL,NULL,NULL,NULL,1031,NULL,NULL,NULL,NULL),
(383,NULL,NULL,NULL,NULL,NULL,NULL,NULL,NULL,NULL,NULL,NULL,NULL,NULL,NULL,NULL,NULL,NULL,NULL,NULL,NULL,NULL,NULL,NULL,NULL,NULL,NULL,NULL,NULL,NULL,NULL,NULL,NULL,NULL,NULL,NULL,NULL,NULL,NULL,NULL,NULL,NULL,NULL,NULL,NULL,NULL,NULL,1032,NULL,NULL,NULL,NULL),
(384,NULL,NULL,NULL,NULL,NULL,NULL,NULL,NULL,NULL,NULL,NULL,NULL,NULL,NULL,NULL,NULL,NULL,NULL,NULL,NULL,NULL,NULL,NULL,NULL,NULL,NULL,NULL,NULL,NULL,NULL,NULL,NULL,NULL,NULL,NULL,NULL,NULL,NULL,NULL,NULL,NULL,NULL,NULL,NULL,NULL,NULL,1033,NULL,NULL,NULL,NULL),
(385,NULL,NULL,NULL,NULL,NULL,NULL,NULL,NULL,NULL,NULL,NULL,NULL,NULL,NULL,NULL,NULL,NULL,NULL,NULL,NULL,NULL,NULL,NULL,NULL,NULL,NULL,NULL,NULL,NULL,NULL,NULL,NULL,NULL,NULL,NULL,NULL,NULL,NULL,NULL,NULL,NULL,NULL,NULL,NULL,NULL,NULL,1035,NULL,NULL,NULL,NULL),
(386,NULL,NULL,NULL,NULL,NULL,NULL,NULL,NULL,NULL,NULL,NULL,NULL,NULL,NULL,NULL,NULL,NULL,NULL,NULL,NULL,NULL,NULL,NULL,NULL,NULL,NULL,NULL,NULL,NULL,NULL,NULL,NULL,NULL,NULL,NULL,NULL,NULL,NULL,NULL,NULL,NULL,NULL,NULL,NULL,NULL,NULL,1036,NULL,NULL,NULL,NULL),
(387,NULL,NULL,NULL,NULL,NULL,NULL,NULL,NULL,NULL,NULL,NULL,NULL,NULL,NULL,NULL,NULL,NULL,NULL,NULL,NULL,NULL,NULL,NULL,NULL,NULL,NULL,NULL,NULL,NULL,NULL,NULL,NULL,NULL,NULL,NULL,NULL,NULL,NULL,NULL,NULL,NULL,NULL,NULL,NULL,NULL,NULL,1044,NULL,NULL,NULL,NULL),
(388,NULL,NULL,NULL,NULL,NULL,NULL,NULL,NULL,NULL,NULL,NULL,NULL,NULL,NULL,NULL,NULL,NULL,NULL,NULL,NULL,NULL,NULL,NULL,NULL,NULL,NULL,NULL,NULL,NULL,NULL,NULL,NULL,NULL,NULL,NULL,NULL,NULL,NULL,NULL,NULL,NULL,NULL,NULL,NULL,NULL,NULL,1045,NULL,NULL,NULL,NULL),
(389,NULL,NULL,NULL,NULL,NULL,NULL,NULL,NULL,NULL,NULL,NULL,NULL,NULL,NULL,NULL,NULL,NULL,NULL,NULL,NULL,NULL,NULL,NULL,NULL,NULL,NULL,NULL,NULL,NULL,NULL,NULL,NULL,NULL,NULL,NULL,NULL,NULL,NULL,NULL,NULL,NULL,NULL,NULL,NULL,NULL,NULL,1046,NULL,NULL,NULL,NULL),
(390,NULL,NULL,NULL,NULL,NULL,NULL,NULL,NULL,NULL,NULL,NULL,NULL,NULL,NULL,NULL,NULL,NULL,NULL,NULL,NULL,NULL,NULL,NULL,NULL,NULL,NULL,NULL,NULL,NULL,NULL,NULL,NULL,NULL,NULL,NULL,NULL,NULL,NULL,NULL,NULL,NULL,NULL,NULL,NULL,NULL,NULL,1049,NULL,NULL,NULL,NULL),
(391,NULL,NULL,NULL,NULL,NULL,NULL,NULL,NULL,NULL,NULL,NULL,NULL,NULL,NULL,NULL,NULL,NULL,NULL,NULL,NULL,NULL,NULL,NULL,NULL,NULL,NULL,NULL,NULL,NULL,NULL,NULL,NULL,NULL,NULL,NULL,NULL,NULL,NULL,NULL,NULL,NULL,NULL,NULL,NULL,NULL,NULL,1050,NULL,NULL,NULL,NULL),
(392,NULL,NULL,NULL,NULL,NULL,NULL,NULL,NULL,NULL,NULL,NULL,NULL,NULL,NULL,NULL,NULL,NULL,NULL,NULL,NULL,NULL,NULL,NULL,NULL,NULL,NULL,NULL,NULL,NULL,NULL,NULL,NULL,NULL,NULL,NULL,NULL,NULL,NULL,NULL,NULL,NULL,NULL,NULL,NULL,NULL,NULL,1053,NULL,NULL,NULL,NULL),
(393,NULL,NULL,NULL,NULL,NULL,NULL,NULL,NULL,NULL,NULL,NULL,NULL,NULL,NULL,NULL,NULL,NULL,NULL,NULL,NULL,NULL,NULL,NULL,NULL,NULL,NULL,NULL,NULL,NULL,NULL,NULL,NULL,NULL,NULL,NULL,NULL,NULL,NULL,NULL,NULL,NULL,NULL,NULL,NULL,NULL,NULL,1054,NULL,NULL,NULL,NULL),
(394,NULL,NULL,NULL,NULL,NULL,NULL,NULL,NULL,NULL,NULL,NULL,NULL,NULL,NULL,NULL,NULL,NULL,NULL,NULL,NULL,NULL,NULL,NULL,NULL,NULL,NULL,NULL,NULL,NULL,NULL,NULL,NULL,NULL,NULL,NULL,NULL,NULL,NULL,NULL,NULL,NULL,NULL,NULL,NULL,NULL,NULL,1056,NULL,NULL,NULL,NULL),
(395,NULL,NULL,NULL,NULL,NULL,NULL,NULL,NULL,NULL,NULL,NULL,NULL,NULL,NULL,NULL,NULL,NULL,NULL,NULL,NULL,NULL,NULL,NULL,NULL,NULL,NULL,NULL,NULL,NULL,NULL,NULL,NULL,NULL,NULL,NULL,NULL,NULL,NULL,NULL,NULL,NULL,NULL,NULL,NULL,NULL,NULL,1057,NULL,NULL,NULL,NULL),
(396,NULL,NULL,NULL,NULL,NULL,NULL,NULL,NULL,NULL,NULL,NULL,NULL,NULL,NULL,NULL,NULL,NULL,NULL,NULL,NULL,NULL,NULL,NULL,NULL,NULL,NULL,NULL,NULL,NULL,NULL,NULL,NULL,NULL,NULL,NULL,NULL,NULL,NULL,NULL,NULL,NULL,NULL,NULL,NULL,NULL,NULL,1058,NULL,NULL,NULL,NULL),
(397,NULL,NULL,NULL,NULL,NULL,NULL,NULL,NULL,NULL,NULL,NULL,NULL,NULL,NULL,NULL,NULL,NULL,NULL,NULL,NULL,NULL,NULL,NULL,NULL,NULL,NULL,NULL,NULL,NULL,NULL,NULL,NULL,NULL,NULL,NULL,NULL,NULL,NULL,NULL,NULL,NULL,NULL,NULL,NULL,NULL,NULL,1059,NULL,NULL,NULL,NULL),
(398,NULL,NULL,NULL,NULL,NULL,NULL,NULL,NULL,NULL,NULL,NULL,NULL,NULL,NULL,NULL,NULL,NULL,NULL,NULL,NULL,NULL,NULL,NULL,NULL,NULL,NULL,NULL,NULL,NULL,NULL,NULL,NULL,NULL,NULL,NULL,NULL,NULL,NULL,NULL,NULL,NULL,NULL,NULL,NULL,NULL,NULL,1061,NULL,NULL,NULL,NULL),
(399,NULL,NULL,NULL,NULL,NULL,NULL,NULL,NULL,NULL,NULL,NULL,NULL,NULL,NULL,NULL,NULL,NULL,NULL,NULL,NULL,NULL,NULL,NULL,NULL,NULL,NULL,NULL,NULL,NULL,NULL,NULL,NULL,NULL,NULL,NULL,NULL,NULL,NULL,NULL,NULL,NULL,NULL,NULL,NULL,NULL,NULL,1062,NULL,NULL,NULL,NULL),
(400,NULL,NULL,NULL,NULL,NULL,NULL,NULL,NULL,NULL,NULL,NULL,NULL,NULL,NULL,NULL,NULL,NULL,NULL,NULL,NULL,NULL,NULL,NULL,NULL,NULL,NULL,NULL,NULL,NULL,NULL,NULL,NULL,NULL,NULL,NULL,NULL,NULL,NULL,NULL,NULL,NULL,NULL,NULL,NULL,NULL,NULL,1067,NULL,NULL,NULL,NULL),
(401,NULL,NULL,NULL,NULL,NULL,NULL,NULL,NULL,NULL,NULL,NULL,NULL,NULL,NULL,NULL,NULL,NULL,NULL,NULL,NULL,NULL,NULL,NULL,NULL,NULL,NULL,NULL,NULL,NULL,NULL,NULL,NULL,NULL,NULL,NULL,NULL,NULL,NULL,NULL,NULL,NULL,NULL,NULL,NULL,NULL,NULL,1071,NULL,NULL,NULL,NULL),
(402,NULL,NULL,NULL,NULL,NULL,NULL,NULL,NULL,NULL,NULL,NULL,NULL,NULL,NULL,NULL,NULL,NULL,NULL,NULL,NULL,NULL,NULL,NULL,NULL,NULL,NULL,NULL,NULL,NULL,NULL,NULL,NULL,NULL,NULL,NULL,NULL,NULL,NULL,NULL,NULL,NULL,NULL,NULL,NULL,NULL,NULL,1074,NULL,NULL,NULL,NULL),
(403,NULL,NULL,NULL,NULL,NULL,NULL,NULL,NULL,NULL,NULL,NULL,NULL,NULL,NULL,NULL,NULL,NULL,NULL,NULL,NULL,NULL,NULL,NULL,NULL,NULL,NULL,NULL,NULL,NULL,NULL,NULL,NULL,NULL,NULL,NULL,NULL,NULL,NULL,NULL,NULL,NULL,NULL,NULL,NULL,NULL,NULL,1075,NULL,NULL,NULL,NULL),
(404,NULL,NULL,NULL,NULL,NULL,NULL,NULL,NULL,NULL,NULL,NULL,NULL,NULL,NULL,NULL,NULL,NULL,NULL,NULL,NULL,NULL,NULL,NULL,NULL,NULL,NULL,NULL,NULL,NULL,NULL,NULL,NULL,NULL,NULL,NULL,NULL,NULL,NULL,NULL,NULL,NULL,NULL,NULL,NULL,NULL,NULL,1077,NULL,NULL,NULL,NULL),
(405,NULL,NULL,NULL,NULL,NULL,NULL,NULL,NULL,NULL,NULL,NULL,NULL,NULL,NULL,NULL,NULL,NULL,NULL,NULL,NULL,NULL,NULL,NULL,NULL,NULL,NULL,NULL,NULL,NULL,NULL,NULL,NULL,NULL,NULL,NULL,NULL,NULL,NULL,NULL,NULL,NULL,NULL,NULL,NULL,NULL,NULL,1080,NULL,NULL,NULL,NULL),
(406,NULL,NULL,NULL,NULL,NULL,NULL,NULL,NULL,NULL,NULL,NULL,NULL,NULL,NULL,NULL,NULL,NULL,NULL,NULL,NULL,NULL,NULL,NULL,NULL,NULL,NULL,NULL,NULL,NULL,NULL,NULL,NULL,NULL,NULL,NULL,NULL,NULL,NULL,NULL,NULL,NULL,NULL,NULL,NULL,NULL,NULL,1081,NULL,NULL,NULL,NULL),
(407,NULL,NULL,NULL,NULL,NULL,NULL,NULL,NULL,NULL,NULL,NULL,NULL,NULL,NULL,NULL,NULL,NULL,NULL,NULL,NULL,NULL,NULL,NULL,NULL,NULL,NULL,NULL,NULL,NULL,NULL,NULL,NULL,NULL,NULL,NULL,NULL,NULL,NULL,NULL,NULL,NULL,NULL,NULL,NULL,NULL,NULL,1083,NULL,NULL,NULL,NULL),
(408,NULL,NULL,NULL,NULL,NULL,NULL,NULL,NULL,NULL,NULL,NULL,NULL,NULL,NULL,NULL,NULL,NULL,NULL,NULL,NULL,NULL,NULL,NULL,NULL,NULL,NULL,NULL,NULL,NULL,NULL,NULL,NULL,NULL,NULL,NULL,NULL,NULL,NULL,NULL,NULL,NULL,NULL,NULL,NULL,NULL,NULL,1086,NULL,NULL,NULL,NULL),
(409,NULL,NULL,NULL,NULL,NULL,NULL,NULL,NULL,NULL,NULL,NULL,NULL,NULL,NULL,NULL,NULL,NULL,NULL,NULL,NULL,NULL,NULL,NULL,NULL,NULL,NULL,NULL,NULL,NULL,NULL,NULL,NULL,NULL,NULL,NULL,NULL,NULL,NULL,NULL,NULL,NULL,NULL,NULL,NULL,NULL,NULL,1089,NULL,NULL,NULL,NULL),
(410,NULL,NULL,NULL,NULL,NULL,NULL,NULL,NULL,NULL,NULL,NULL,NULL,NULL,NULL,NULL,NULL,NULL,NULL,NULL,NULL,NULL,NULL,NULL,NULL,NULL,NULL,NULL,NULL,NULL,NULL,NULL,NULL,NULL,NULL,NULL,NULL,NULL,NULL,NULL,NULL,NULL,NULL,NULL,NULL,NULL,NULL,1092,NULL,NULL,NULL,NULL),
(411,NULL,NULL,NULL,NULL,NULL,NULL,NULL,NULL,NULL,NULL,NULL,NULL,NULL,NULL,NULL,NULL,NULL,NULL,NULL,NULL,NULL,NULL,NULL,NULL,NULL,NULL,NULL,NULL,NULL,NULL,NULL,NULL,NULL,NULL,NULL,NULL,NULL,NULL,NULL,NULL,NULL,NULL,NULL,NULL,NULL,NULL,1095,NULL,NULL,NULL,NULL),
(412,NULL,NULL,NULL,NULL,NULL,NULL,NULL,NULL,NULL,NULL,NULL,NULL,NULL,NULL,NULL,NULL,NULL,NULL,NULL,NULL,NULL,NULL,NULL,NULL,NULL,NULL,NULL,NULL,NULL,NULL,NULL,NULL,NULL,NULL,NULL,NULL,NULL,NULL,NULL,NULL,NULL,NULL,NULL,NULL,NULL,NULL,1097,NULL,NULL,NULL,NULL),
(413,NULL,NULL,NULL,NULL,NULL,NULL,NULL,NULL,NULL,NULL,NULL,NULL,NULL,NULL,NULL,NULL,NULL,NULL,NULL,NULL,NULL,NULL,NULL,NULL,NULL,NULL,NULL,NULL,NULL,NULL,NULL,NULL,NULL,NULL,NULL,NULL,NULL,NULL,NULL,NULL,NULL,NULL,NULL,NULL,NULL,NULL,1098,NULL,NULL,NULL,NULL),
(414,NULL,NULL,NULL,NULL,NULL,NULL,NULL,NULL,NULL,NULL,NULL,NULL,NULL,NULL,NULL,NULL,NULL,NULL,NULL,NULL,NULL,NULL,NULL,NULL,NULL,NULL,NULL,NULL,NULL,NULL,NULL,NULL,NULL,NULL,NULL,NULL,NULL,NULL,NULL,NULL,NULL,NULL,NULL,NULL,NULL,NULL,1102,NULL,NULL,NULL,NULL);
/*!40000 ALTER TABLE `employeeproductivity` ENABLE KEYS */;
UNLOCK TABLES;

--
-- Table structure for table `employees`
--

DROP TABLE IF EXISTS `employees`;
/*!40101 SET @saved_cs_client     = @@character_set_client */;
/*!40101 SET character_set_client = utf8 */;
CREATE TABLE `employees` (
  `Id` int(11) NOT NULL AUTO_INCREMENT,
  `NoEmpleado` int(11) DEFAULT NULL,
  `NSS` varchar(20) DEFAULT 'NULL',
  `CURP` varchar(18) DEFAULT NULL,
  `RFC` varchar(13) DEFAULT NULL,
  `Blood` varchar(4) DEFAULT NULL,
  `Account` varchar(13) DEFAULT NULL,
  `EmmergencyContact` varchar(40) DEFAULT NULL,
  `PositionId` int(11) DEFAULT NULL,
  `AdmissionDate` date DEFAULT NULL,
  `Active` tinyint(1) DEFAULT 1,
  `EmmergencyNumber` varchar(16) DEFAULT NULL,
  `AreaId` int(11) DEFAULT NULL,
  `QuitDate` date DEFAULT NULL,
  `BornLocation` varchar(20) DEFAULT NULL,
  `Genre` varchar(1) DEFAULT NULL,
  `Sons` int(11) DEFAULT 0,
  `ClinicNo` varchar(3) DEFAULT NULL,
  `Email` varchar(50) DEFAULT NULL,
  `Number` varchar(20) DEFAULT NULL,
  `Direction` varchar(100) DEFAULT NULL,
  `Bank` varchar(20) DEFAULT NULL,
  `InfonavitNo` varchar(20) DEFAULT NULL,
  `InfonavitFee` float DEFAULT NULL,
  `InfonavitDiscount` float DEFAULT NULL,
  `PositionType` varchar(20) DEFAULT NULL,
  `CIM` date DEFAULT NULL,
  `Shift` varchar(20) DEFAULT NULL,
  `NominaSalary` float DEFAULT NULL,
  `IMMSSalary` float DEFAULT NULL,
  `Name` varchar(100) NOT NULL,
  `PaternalLastName` varchar(20) DEFAULT NULL,
  `MaternalLastName` varchar(20) DEFAULT NULL,
  `Nationality` varchar(20) DEFAULT NULL,
  `CivilStatus` varchar(20) DEFAULT NULL,
  `BornDate` date DEFAULT NULL,
  `Studies` varchar(30) DEFAULT NULL,
  `QuitReason` varchar(50) DEFAULT NULL,
  `QuitStatus` varchar(20) DEFAULT NULL,
  `QuitNotes` varchar(70) DEFAULT NULL,
  PRIMARY KEY (`Id`),
  UNIQUE KEY `NoEmpleado` (`NoEmpleado`),
  KEY `employees_relation_1` (`AreaId`),
  CONSTRAINT `employees_relation_1` FOREIGN KEY (`AreaId`) REFERENCES `areas` (`Id`)
) ENGINE=InnoDB AUTO_INCREMENT=1532 DEFAULT CHARSET=utf8mb3 COLLATE=utf8mb3_general_ci;
/*!40101 SET character_set_client = @saved_cs_client */;

--
-- Dumping data for table `employees`
--

LOCK TABLES `employees` WRITE;
/*!40000 ALTER TABLE `employees` DISABLE KEYS */;
INSERT INTO `employees` VALUES
(1414,10005,'25968048204','AUAA800419MJCGMN08','AUAA800419DL5','O+','56749331894','LUIS ANGEL',22,'2015-01-26',0,'663-119-64-55',5,NULL,'JALISCO','F',6,'7','angie.aguilera1980@gmail.com','382-29-24','San enrique n 6083 v103 vista bella Fracc. Cp. 22666','SANTANDER','0217038467',1447.08,NULL,'BASE','2020-07-09','DIURNO',416,376.8,'Aguilera Ambriz Maria De Los Angeles',NULL,NULL,NULL,NULL,'1980-04-19',NULL,NULL,NULL,NULL),
(1415,11908,'25169631972','AUMM960708MMNGNN09','AUMM960708HS0',NULL,'1550047442','HECTOR',1,'2024-01-08',0,'663-325-83-29',22,NULL,'MICHOACAN','F',3,NULL,NULL,'663-325-83-29','Av. Valle del Sol 8902 8 102, Av. Valle del sol, C.p 22246','BBVA',NULL,NULL,NULL,NULL,NULL,'DIURNO',374.89,NULL,'Aguirre Mondragon Monica',NULL,NULL,NULL,NULL,'1996-07-08',NULL,NULL,'',NULL),
(1416,11358,'21068809702','AILM880709HBCSYN05','AILM8807095E2','N/A','2893269027','MARCELINA/MAM',59,'2021-03-31',0,'664-190-14-80',19,'2024-02-01','BAJA CALIFORNIA','M',NULL,NULL,'manuelmartin_aispuro@hotmail.com','664-365-82-96','Tilantongo #22389 Fracc mariano matamoros Cp. 22234','BBVA',NULL,NULL,NULL,'BASE',NULL,'DIURNO',1049,736.09,'Aispuro Leyva Manuel Martin',NULL,NULL,NULL,NULL,'1988-07-09',NULL,'dsdasdasd','Recontratable',NULL),
(1417,11900,'63200529723','AALE051102HCSLZRA1','AALE051102IXA','N/A',NULL,'ESTHER',59,'2023-11-27',0,'664-372-20-36',15,'2024-02-01','CHIAPAS','M',NULL,NULL,'ERIALCARA@GMAIL.COM','961-238-70-03','05 de abril, 8 de mayo, las torres ii, c.p.22470','BBVA',NULL,NULL,NULL,NULL,NULL,'DIURNO',374.89,327.82,'Alcara Lazaro Eri Ruben',NULL,NULL,NULL,NULL,'2005-11-02',NULL,'dasdasd','Recontratable',NULL),
(1418,11166,'27179817252','AERR981005HBCLVN00','AERR981005SN8','O-','56798027550','CARLOS MANUEL/ ABUELO',59,'2020-08-17',0,'664-243-67-73',20,'2024-02-01','BAJA CALIFORNIA','M',NULL,'36','rene.almeida@cesunbc.edu.mx','664-197-27-50','Circuito del Alamo n 64 Foviste Otay seccion 2','SANTANDER',NULL,NULL,NULL,'BASE',NULL,'DIURNO',374.89,223.04,'Almeida Ruvalcaba Rene',NULL,NULL,NULL,NULL,'1998-10-05',NULL,'dasd','Recontratable',NULL),
(1419,11600,'52018101288','AOGD810211HCSLZR01','AOGD810211LIA','O+','1594338509','ANA BELEN/ESPOSA',59,'2022-01-14',0,'664-415-60-18',6,'2024-02-19','CHIAPAS','M',2,NULL,'darinelalonsoguzman0@gmail.com','664-463-92-36','Av. Guasave #3730, col. Campestre Murua Cp. 22465','BBVA',NULL,NULL,NULL,'N.I',NULL,'DIURNO',374.89,272.11,'Alonso Guzman Darinel',NULL,NULL,NULL,NULL,'1981-02-11',NULL,'Por inutil','Recontratable',NULL),
(1420,11854,'*02239782010','AAVJ970812HPLLZS00','AAVJ970812ER1','ORH+','1583951949','ROSA',20,'2023-07-04',0,'238-108-63-79',6,'2024-01-31','PUEBLA','M',NULL,NULL,'JO-SUANGEL@HOTMAIL.COM','238-169-19-73','Priv. Pavo real 35041-91, Fracc. villa del campo,c.p.22254','BBVA',NULL,NULL,NULL,NULL,NULL,'DIURNO',374.89,NULL,'Altamirano Vazquez Josue',NULL,NULL,NULL,NULL,'1997-08-12',NULL,'dasdsad','Recontratable',NULL),
(1421,11869,'59159705850','AEHJ971011HGRNRR00','AEHJ971011F23','N/A','56866160717','ANA',59,'2023-08-16',0,'664-805-18-45',17,'2024-02-19','ACAPULCO','M',NULL,NULL,NULL,'664-503-28-73','Priv. San jose 21601 2b, paseos de santa Maria, c.p.22245','SANTANDER',NULL,NULL,NULL,NULL,NULL,'DIURNO',374.89,327.82,'Angel Huerta Jorge Antonio',NULL,NULL,NULL,NULL,'1997-10-11',NULL,'asdsadasd','Recontratable','dasdsadsa'),
(1422,11762,'21159790712','AASF971014HBCRNR05','AASF971014T80','O+','*0477484186','MIRKA',32,'2023-02-20',0,'664-341-04-45',19,'2024-02-19','TIJUANA,B.C.','M',NULL,NULL,'FRANCIS91@LIVE.COM.MX','663-125-47-05','Av. Guadalajara 22616, col. el ppila, c.p.22206','BBVA',NULL,NULL,NULL,NULL,NULL,'DIURNO',454.22,NULL,'Aragon Sanchez Francisco Javier',NULL,NULL,NULL,NULL,'1997-10-14',NULL,'dasdasdsad','Recontratable','dasdsadasd'),
(1423,11457,'33997931820','AEGJ781109HCSRRS10','AEGJ781109E84','A+','56760711309','CONSUELO',59,'2021-06-22',1,'664-543-12-48',5,NULL,'CHIAPAS','M',3,NULL,'arrevillagajesusdamian8@gmail.com','663-198-46-14','Av. del Fuerte n15850 Camprestre Murua c.p 22465','SANTANDER',NULL,NULL,NULL,'N.I',NULL,'DIURNO',374.89,223.67,'Arrevillaga Garcia Jesus Damian',NULL,NULL,NULL,NULL,'1978-11-09',NULL,NULL,NULL,NULL),
(1424,11758,'*03146246891','AAPL620105MJCYDT05','AAPL620105RT4','N/A','1536255196','PABLO',20,'2023-02-14',1,'228-134-56-56',18,NULL,'GUADALAJARA','F',5,NULL,NULL,'664-363-8668','Cond. Oriol 17271 46, Fracc. Natura, c.p.22163.','BBVA',NULL,NULL,NULL,NULL,NULL,'DIURNO',374.89,NULL,'Ayala Pedroza Leticia Lourdes',NULL,NULL,NULL,NULL,'1962-01-05',NULL,NULL,NULL,NULL),
(1425,11736,'83987604671','BAAA760218HTCRDR08','BAAA760218JH2','N/A','1576786372','GABRIELA',59,'2023-01-13',1,'665-845-35-65',17,NULL,'TABASCO','M',3,NULL,'BARAHONAARMANDO730@GMAIL.COM','663-320-14-03','Priv. Pirul 35421 45, Urbi Villas del Campo, c.p.22254.','BBVA',NULL,NULL,NULL,NULL,NULL,'DIURNO',374.89,NULL,'Barahona Adorno Armando',NULL,NULL,NULL,NULL,'1976-02-18',NULL,NULL,NULL,NULL),
(1426,11021,'48008266537','BAZM820407MVZRPR07','BAZM820407QJ6','N/A','56856020357','ALEJANDRO',59,'2023-03-16',1,'664-822-2327',22,NULL,'VERACRUZ','F',3,NULL,'MAGOBARTOLO624@GMAIL.COM','238-172-729-5','San Nicols m3 l18, las torres ii, c.p.22470','SANTANDER',NULL,NULL,NULL,NULL,NULL,'DIURNO',374.89,NULL,'Bartolo Zopiyaxtle Margarita',NULL,NULL,NULL,NULL,'1982-04-07',NULL,NULL,NULL,NULL),
(1427,11200,'24007941131','BEAM790514MSRCYY06','BEAM7905141A8','O+','56799632457','DANIEL',20,'2020-09-15',1,'642-104-86-55',6,NULL,'SONORA','F',2,'35','mayrabe79@gmail.com','642-483-93-62','santo somas n 20668-d col. buenos aires norte, c.p.22200','SANTANDER','2606112558',NULL,13.98,'BASE',NULL,'DIURNO',374.89,223.67,'Becerra Ayala Mayra Yolanda',NULL,NULL,NULL,NULL,'1979-05-14',NULL,NULL,NULL,NULL),
(1428,11713,'19189968373','BEHD990204HVZLRV07','BEHD990204LC6','N/A','1514318036','JOSE ISRAEL',59,'2022-08-16',1,'663-318-66-77',15,NULL,'VERACRUZ','M',NULL,NULL,'DAVID.F.B.HDZ@GMAIL.COM','664-491-325-4','Benito Jurez #865, ej mariano matamoros,c.p.22204','BBVA',NULL,NULL,NULL,NULL,NULL,'DIURNO',374.89,272.11,'Belli Hernandez David Feliciano',NULL,NULL,NULL,NULL,'1999-02-04','Licenciatura',NULL,NULL,NULL),
(1429,10389,'1776004663','BERM600309HPLLMG03','BERM600309SS8','N/A','56748622011','ELVIRA',1,'2018-10-23',1,'664-714-19-13',5,NULL,'PUEBLA','M',7,'39','miguelsuper60@gmail.com','664-556-66-87','Priv. Pirul n 35421 36 del Campo Urbi villas c.p 22254','SANTANDER',NULL,NULL,NULL,'BASE','2021-01-04','DIURNO',374.89,223.62,'Beltran Roman Miguel Angel',NULL,NULL,NULL,NULL,'1960-03-09',NULL,NULL,NULL,NULL),
(1430,10357,'17189581956','BEAL950910MBCNRC01','BEAL950910JS9','N/A','1555677097','CRISTIAN',22,'2018-10-08',1,'664-502-53-97',3,NULL,'HONDURAS','F',2,'36','Luciabenites188@gmail.com','962-106-81-73','Enrique Gonzalez n 16537 a Melchor Ocampo c.p 22456','BBVA',NULL,NULL,NULL,'BASE','2020-07-24','DIURNO',374.89,242.81,'Benites Arita Lucia Jamin',NULL,NULL,NULL,NULL,'1995-09-10',NULL,NULL,NULL,NULL),
(1431,11111,NULL,'BOPM750120HGRLNR00','BOPM7501203W1',NULL,NULL,NULL,59,NULL,1,NULL,22,NULL,NULL,NULL,NULL,NULL,NULL,'fdsfdsfds','Entusiasmo no 12109, valle verde,c.p.22204',NULL,NULL,NULL,NULL,NULL,NULL,NULL,NULL,NULL,'Bolaos Pinzon Martin',NULL,NULL,NULL,NULL,NULL,NULL,NULL,NULL,NULL),
(1432,10027,'2977944574','BARE790509MPLRSL08','BARE790509D57','N/A','56787520071','ESPOSO',20,'2013-04-02',1,'663-100-53-32',6,NULL,'PUEBLA','F',2,'27','elirosita79@gmail.com',NULL,'Bahia de los Angeles n 20402 8 buenos aires norte c.p 22200','SANTANDER',NULL,NULL,NULL,'BASE','2021-01-04','DIURNO',374.89,224.85,'Bravo Rosales Eleazar',NULL,NULL,NULL,NULL,'1979-05-09',NULL,NULL,NULL,NULL),
(1433,10028,'25957935056','BULA790309MBCRPN02','BULA790309CX5','A+','56787520085','ARIANA/ HERMANA',42,'2022-01-11',1,'664-420-98-11',20,NULL,'BAJA CALIFORNIA','F',3,'18','annyburgoin39@gmail.com','664-764-74-62','Alfonso v y Planas n185 Otay Tijuana mod 1 c.p 22435','SANTANDER',NULL,NULL,NULL,'BASE',NULL,'DIURNO',449,NULL,'Burgoin  Lopez  Ana Azucena',NULL,NULL,NULL,NULL,'1979-03-09',NULL,NULL,NULL,NULL),
(1434,10361,'52956600028','CAFE660125MCMRLL15','CAFE660125IN6','N/A','56747433942','MIGUEL',2,'2018-10-10',1,'664-719-27-30',2,NULL,'COLIMA','F',3,'39','elvirabeltran51@gmail.com','664-714-19-13','Priv. Pirul n 35421 36 del Campo Urbi Villas c.p 22254','SANTANDER','0285255623',NULL,16.05,'BASE','2020-07-17','DIURNO',374.89,223.97,'Cardenas Flores Elvira',NULL,NULL,NULL,NULL,'1966-01-25',NULL,NULL,NULL,NULL),
(1435,10033,'21068629944','CACV860315MNTSRT00','CACV860315IT7','O+','56689117807','SEBASTIAN',20,'2013-02-08',1,NULL,6,NULL,'NAYARIT','F',1,'27','vitac.c.86@gmail.com','664-866-28-07','Priv. Usumacinta n 13532-22 Urbi Villas del Prado III c.p 22260','SANTANDER',NULL,NULL,NULL,'BASE','2020-01-04','DIURNO',374.89,224.85,'Castaeda Carlos Vita',NULL,NULL,NULL,NULL,'1986-03-15',NULL,NULL,NULL,NULL),
(1436,11653,'44180377606','CAME030307HBCSNRA1','CAME030307358','N/A','1525643089','JUAN CARLOS',59,'2022-04-05',1,'664-103-7256',22,NULL,'BAJA CALIFORNIA','M',NULL,NULL,'erikcastaeda752@gmail.com','664 246 1258','Caada de las gacelas #23252, caadas del florido c.p 22245','BBVA',NULL,NULL,NULL,'N.I',NULL,'DIURNO',374.89,272.11,'Castaeda Mendez Erik  Alejandro',NULL,NULL,NULL,NULL,'2003-03-07',NULL,NULL,NULL,NULL),
(1437,11472,'57159662972','CXGA960320MBCSLN00','CAGX960320Q20','N/A','1561046370','ANA MARIA',59,'2021-07-05',0,'664-774-62-48',21,'2024-02-01','BAJA CALIFORNIA','F',NULL,NULL,'castelangallardoa@gmail.com','664-558-36-56','De la loma #21137 col Americas c.p 22044','BBVA',NULL,NULL,NULL,'BASE',NULL,'DIURNO',374.89,248.24,'Castelan Gallardo Ana Belen',NULL,NULL,NULL,NULL,'1996-03-20',NULL,'por inutil','Recontratable',NULL),
(1438,10772,'21138910407','CARJ890811HBCHDS06','CARJ890811D25','O+','2964538978','AURORA',44,'2019-06-24',1,'6-2602-58',22,NULL,'BAJA CALIFORNIA','M',NULL,'27','jesusarturo_k@hotmail.com','664-120-344-5','Real de Betlemitas #56, Col. Real de San Francisco, c.p. 22236','BBVA',NULL,NULL,NULL,'BASE','2020-07-09','DIURNO',1017.64,903.11,'Chavez Rodriguez Jesus',NULL,NULL,NULL,NULL,'1989-08-11',NULL,NULL,NULL,NULL),
(1439,11664,'2976668158','COLG660822HPLRRL06','COLG660822SJ4','N/A','1514079332','ELICEO',59,'2022-05-09',1,'664-3414-154',19,NULL,'BAJA CALIFORNIA','M',2,NULL,'cortezgiliberto601@gmail.com','661-118-7889','Prolongacin puebla 4010-a, Benito Jurez c.p. 22706','BBVA',NULL,NULL,NULL,'N.I',NULL,'DIURNO',1017.13,1063.1,'Cortez Laureano Giliberto',NULL,NULL,NULL,NULL,'1966-08-22',NULL,NULL,NULL,NULL),
(1440,10058,'23856736899','CUSR671021MSLRTM06','CUSR6710213C7','N/A','56797332812',NULL,35,'2015-03-09',1,NULL,15,NULL,'SINALOA','F',3,'18','ramonacruzsoto@gmail.com','664-500-30-23','hacienda santo tomas m12 l 23 terrazas del valle ii c.p 22330','SANTANDER','0209189314',NULL,23.38,'BASE','2021-01-04','DIURNO',374.89,243.76,'Cruz Soto Ramona',NULL,NULL,NULL,NULL,'1967-10-21',NULL,NULL,NULL,NULL),
(1441,10061,'71098908867','CULA890210HCSRPL09','CULA890210TNA','A+','25000710703','GUADALUPE',18,'2018-01-22',1,'661-282-97-90',6,NULL,'CHIAPAS','M',NULL,'36','alfredodelacruzlopez9@gmail.com','664-508-39-72','Condominio violeta n 14920 14c fracc las de delicias c.p 22163','SANTANDER',NULL,NULL,NULL,'BASE','2020-07-09','DIURNO',374.89,224.26,'De La Cruz Lopez Alfredo',NULL,NULL,NULL,NULL,'1989-02-10',NULL,NULL,NULL,NULL),
(1442,11862,'21018325650','DIDJ830222HCSZZS01','DIDJ830222143','N/A','1516274495','JAVIER',59,'2024-01-10',1,'664-270-25-31',22,NULL,'CHIAPAS','F',NULL,NULL,'JESUSROBERTODIAZ327@GMAIL.COM','664-642-70-85','Amazonita 17401, Puerta Plata, c.p. 22163','BBVA',NULL,NULL,NULL,NULL,NULL,'DIURNO',374.89,NULL,'Diaz Diaz Jesus Roberto',NULL,NULL,NULL,NULL,'1983-02-22',NULL,NULL,NULL,NULL),
(1443,10461,'3187432475','DOFR740823MPLMRS03','DOFR740823TD4','N/A','56800596643','ADRIANA',20,'2020-09-29',1,'664-514-25-10',6,NULL,'PUEBLA','F',2,NULL,'rd650256@gmail.com','664-802-39-08','Cesar Augusto M207 l1c col. Pegaso c.p 22473','SANTANDER',NULL,NULL,NULL,'BASE',NULL,'DIURNO',374.89,223.67,'Dominguez Fernandez Rosa',NULL,NULL,NULL,NULL,'1974-08-23',NULL,NULL,NULL,NULL),
(1444,11813,'21129264798','DOVA921115HCSMLM05','DOVA921115G82','N/A','1570454082','PAULA',21,'2023-04-20',1,'664-551-98-04',12,NULL,'CHIAPAS','M',NULL,NULL,'DOMINGUEZAMILCAR8@GMAIL.COM','664-790-80-52','Francisco villa 120, col. Pegaso II,c.p.22474.','BBVA',NULL,NULL,NULL,NULL,NULL,'DIURNO',374.89,NULL,'Dominguez Velazquez Amilcar',NULL,NULL,NULL,NULL,'1992-11-15',NULL,NULL,NULL,NULL),
(1445,10068,'21135300073','DUCS531121MMNRNC05','DUCS531121GR3','N/A','55504651365','ROSALVA',2,'2023-03-01',1,'664-794-48-39',18,NULL,'MICHOACAN','F',4,NULL,'MASODUARTE115@GMAIL.COM','664-794-48-39','Rio Churubusco 17909, Rio Vista,c.p.22450','SANTANDER',NULL,NULL,NULL,NULL,NULL,'DIURNO',374.89,NULL,'Duarte Contreras Maria Socorro',NULL,NULL,NULL,NULL,'1953-11-21',NULL,NULL,NULL,NULL),
(1446,10072,'21877226676','EEPA720814MJCSDN09','EEPA720814B4A','O+','55504634935','ODALIS',23,'2016-06-29',1,'664-227-79-61',6,NULL,'JALISCO','F',9,'18','Santiago13.tj@gmail.com','664-191-22-92','Narciso n 15256 33, Fracc Natura, c.p 22163','SANTANDER','0215262446',1127.52,NULL,'BASE','2020-07-09','DIURNO',416,374.83,'Estrella Padilla Ana Lilia',NULL,NULL,NULL,NULL,'1972-08-14',NULL,NULL,NULL,NULL),
(1447,11341,'61927106668','FAHE710614MPLJRF09','FAHE710614PU3','N/A','1540496585','MARIA ELIZABETH',18,'2021-03-05',1,'241-183-240-9',6,NULL,'PUEBLA','F',3,'18','mariaeujeniafajardoherrera@gmail.com','241-132-89-91','La Esperanza 3 terrazas del valle i c.p 22246','BBVA',NULL,NULL,NULL,'BASE',NULL,'DIURNO',374.89,223.67,'Fajardo Herrera Eufemia',NULL,NULL,NULL,NULL,'1971-06-14',NULL,NULL,NULL,NULL),
(1448,11738,'21089010322','FERA900720HSRLDB04','FERA9007203F3','N/A','1578305211','CARMELINA',18,'2023-01-23',1,'664-135-1457',5,NULL,'SONORA','M',1,NULL,'ABRAHAMFELIX@OUTLOOK.COM','664-135-14-57','Andador peatonal 31, col. Nido de las aguilas,c.p.22473.','BBVA',NULL,NULL,NULL,NULL,NULL,'DIURNO',374.89,NULL,'Felix Rodriguez Abraham Arturo',NULL,NULL,NULL,NULL,'1990-07-20',NULL,NULL,NULL,NULL),
(1449,10081,'21986612980','GAHA660916MVZRRR03','GAHA660916NN9','N/A','55504651348','VICTORIA/HIJA',2,'2013-10-08',1,'664-790-77-86',2,NULL,'VERACRUZ','F',2,'36','araceligarcia0916@gmail.com','664-607-66-24','universidad  n 2755 Venustiano Carranza ej Chilpancingo c.p 22446','SANTANDER',NULL,NULL,NULL,'BASE','2021-01-04','DIURNO',374.89,224.85,'Garcia Hernandez Araceli',NULL,NULL,NULL,NULL,'1966-09-16',NULL,NULL,NULL,NULL),
(1450,NULL,NULL,'GAMF730325HVZRRD03','GAMF7303255F2',NULL,NULL,NULL,59,NULL,1,NULL,22,NULL,NULL,NULL,NULL,NULL,NULL,NULL,'Calamajue 9030, Lagunitas, C.p.22646',NULL,NULL,NULL,NULL,NULL,NULL,NULL,374.89,NULL,'Garcia Martinez Federico Humberto',NULL,NULL,NULL,NULL,NULL,NULL,NULL,NULL,NULL),
(1451,10774,'6705340757','GAPC530807MDFRCY06','GAPC530807JS7','A+','56767610641','HIIJA',59,'2019-06-24',1,'664-498-22-88',22,NULL,'DISTRITO FEDERAL','F',3,'36','gremedios310@gmail.com','664-317-93-34','Jose Vasconcelos #16609, col. valle vista,c.p.22456','SANTANDER',NULL,NULL,NULL,'BASE','2020-07-24','DIURNO',374.89,223.97,'Garcia Pacheco Cayetana Remedios',NULL,NULL,NULL,NULL,'1953-08-07',NULL,NULL,NULL,NULL),
(1452,11708,'25048612037','GAPJ860701HBCRZN07','GAPJ860701JPA','O-','*0469093982','FRANCISCO',59,'2022-08-05',1,'6646413929',22,NULL,'TIJUANA,B.C.','M',NULL,NULL,'JUANFRANCISCOGARCIAPAZ@GMAIL.COM','664-771-212-2','Av Pino Suarez 11972 7a, libertad parte baja,c.p.22400','BBVA',NULL,NULL,NULL,NULL,NULL,'DIURNO',374.89,272.11,'Garcia Paz Juan Francisco',NULL,NULL,NULL,NULL,'1986-07-01',NULL,NULL,NULL,NULL),
(1453,11905,'25189945238','GAVS991002MBCRLL00','GAVS991002243','A+',NULL,'BRENDA',59,'2024-01-03',1,'664-104-56-37',22,NULL,'TIJUANA,B.C.','F',NULL,NULL,'09181608@UDC.EDU.MX','663-116-40-65','2 de octubre #16 col. insurgentes','BBVA',NULL,NULL,NULL,NULL,NULL,'DIURNO',374.89,NULL,'Garcia Velazquez Silvia Natali',NULL,NULL,NULL,NULL,'1999-10-02',NULL,NULL,NULL,NULL),
(1454,10086,'62876814880','GODJ680725MOCMZL04','GODJ680725S55','N/A','56689089364','HIJA',25,'2012-02-23',1,'664-163-93-06',22,NULL,'OAXACA','F',4,'36','abrilgmz.60@hotmail.com','664-123-22-17','Priv san diego n 21871 2b fracc. paseos de santa Mara, c.p. 22245','SANTANDER',NULL,NULL,NULL,'BASE','2021-01-04','DIURNO',374.89,243.76,'Gomez Daza Julieta',NULL,NULL,NULL,NULL,'1968-07-25',NULL,NULL,NULL,NULL),
(1455,10702,'1168791927','GODM870119MCSMMG04','GODM8701194D5','B+','56863253251','CONSUELO/SUEGRA',20,'2021-06-22',1,'664-543-12-48',22,NULL,'CHIAPAS','F',3,NULL,'maguigomez496@gmail.com','664-543-12-48','Av. del fuerte n15850 Camprestre Murua c.p 22465','SANTANDER',NULL,NULL,NULL,'N.I',NULL,'DIURNO',374.89,223.67,'Gomez Dominguez Magali',NULL,NULL,NULL,NULL,'1987-01-19',NULL,NULL,NULL,NULL),
(1456,10092,'25877029675','GOSE701130MCMNLS04','GOSE701130823','O+','56689118449','ISAMAR/ NUERA',1,'2015-02-24',1,'664-758-40-87',2,NULL,'COLIMA','F',2,'35','6641150879.a@gmail.com','664-115-08-79','Priv. Jimnez 7727 79, el Dorado Residencial, c.p.22235','SANTANDER','0210236496',NULL,24.35,'BASE','2020-07-24','DIURNO',374.89,224.21,'Gonzalez Salas Esperanza',NULL,NULL,NULL,NULL,'1970-11-30',NULL,NULL,NULL,NULL),
(1457,11783,'*08169262113','GARH920728HMCRMC02','GARH920728D59','N/A','56861145113','ADILENE',21,'2023-10-11',1,'664-227-47-52',12,NULL,'GUERRERO','M',NULL,NULL,'HECTORGRANADOSRAMIREZ@GMAIL.COM','732-121-59-75','Priv. Valle Mixquic 8902 9 201, valle del sol,c.p.22246','BBVA',NULL,NULL,NULL,NULL,NULL,'DIURNO',374.89,327.82,'Granados Ramirez Hector',NULL,NULL,NULL,NULL,'1992-07-28',NULL,NULL,NULL,NULL),
(1458,10100,'21038537045','GUFE850628MOCTRR01','GUFE850628DY4','N/A','1570181699','SAUL',24,'2018-07-23',1,'664-802-14-29',5,NULL,'OAXACA','F',2,'27','Gutyfran86@gmail.com','664-486-03-69','Priv. Ceruleita n 14862-28 fracc. hacienda las delicias, c.p. 22163','BBVA',NULL,NULL,NULL,'BASE','2020-07-24','DIURNO',374.89,223.62,'Gutierrez Franco Ernestina',NULL,NULL,NULL,NULL,'1985-06-28',NULL,NULL,NULL,NULL),
(1459,11781,'*08220377199','GUCL030316HCSZHNA1','GUCL030316AI8','O-','1564839158','YESENIA',59,'2023-03-17',1,'664-314-93-19',15,NULL,'CHIAPAS','M',NULL,NULL,'LINDERALIANGUZMAN@GMAIL.COM','962-168-80-11','Angostura 15113, Col.campestre murua,c.p.22455','BBVA',NULL,NULL,NULL,NULL,NULL,'DIURNO',374.89,NULL,'Guzman Chavez Linder Alian',NULL,NULL,NULL,NULL,'2003-03-16',NULL,NULL,NULL,NULL),
(1460,11714,'65037509455','HEDM750209MCSRZG06','HEDM750209BL1','N/A','1530134907','FELICIANO',1,'2023-08-22',1,'664-743-61-43',10,NULL,'CHIAPAS','F',3,NULL,'MAGDALORELIHERNANDEZDIAZ@GMAIL.COM','664-263-59-12','Benito Juarez #865, ejido matamoros,c.p.22204','BBVA',NULL,NULL,NULL,NULL,NULL,'DIURNO',374.89,327.82,'Hernandez Diaz Magda Loreli',NULL,NULL,NULL,NULL,'1975-02-09',NULL,NULL,NULL,NULL),
(1461,11776,'67008302514','HEGE830913MVZRNL02','HEGE830913KB3','O+','1558310470','PAULINA',20,'2023-06-19',1,'564-345-86-12',6,NULL,'VERACRUZ','F',3,NULL,'ELYGONZALEZ1383@GMAIL.COM','561-683-52-24','Cond. violeta 22335 9 21, margarita residencial, c.p.22330','BBVA',NULL,NULL,NULL,NULL,NULL,'DIURNO',374.89,NULL,'Hernandez Gonzalez Elizabeth',NULL,NULL,NULL,NULL,'1983-09-13',NULL,NULL,NULL,NULL),
(1462,11744,'*03210059832','HEMI000906HBCRYRA2','HEMI000906C18','N/A','1549976988','CLAUDIA',1,'2023-01-21',1,'664-809-92-96',17,NULL,'TIJUANA,B.C.','M',NULL,NULL,'HERNANDEZHIRAN04@GMAIL.COM','664-303-7237','Santos degollado 16605, col. Melchor ocampo,c.p.22456.','BBVA',NULL,NULL,NULL,NULL,NULL,'DIURNO',374.89,NULL,'Hernandez Maya Iran',NULL,NULL,NULL,NULL,'2000-09-06',NULL,NULL,NULL,NULL),
(1463,11909,'*03239136470','IUMA910914HGRTYL04','IUMA910914BE4','N/A',NULL,'CRISTAL',59,'2024-01-08',1,'781-120-19-56',17,NULL,'GUERRERO','M',1,NULL,'ALVAROITURBIDE0@GMAIL.COM','664-30-15-6-15','Priv. Pirul 35421 45, Urbi Villas del Campo, c.p.22254.','BBVA',NULL,NULL,NULL,NULL,NULL,'DIURNO',374.89,NULL,'Iturbide Maya Alvaro',NULL,NULL,NULL,NULL,'1991-09-14',NULL,NULL,NULL,NULL),
(1464,11053,'2206724045','LERG670703HDFDMB04','LERG670703BT0','N/A','56792190737','CASA',59,'2020-03-31',1,'664-617-28-05',17,NULL,'DISTRITO FEDERAL','M',2,'27','ramos.olivar@gmail.com','760-877-63-16','Calz Cholultecas 9130 Matamoros Mariano c.p 22234','SANTANDER',NULL,NULL,NULL,'BASE','2020-07-17','DIURNO',374.89,223.04,'Ledezma Ramos Gabriel',NULL,NULL,NULL,NULL,'1967-07-03',NULL,NULL,NULL,NULL),
(1465,11002,'18149554166','LEMA951202HBCYRN08','LEMA951202C95','A+','1530839051','BEJA / AMIGA',59,'2021-11-29',1,'664-116-89-54',22,NULL,'BAJA CALIFORNIA','M',NULL,NULL,'lolandres8@gmail.com',NULL,'Coromuel #445, col. las Torres, c.p.22470','BBVA',NULL,NULL,NULL,'BASE',NULL,'DIURNO',374.89,223.62,'Leyva Marquez Andres Bladimir',NULL,NULL,NULL,NULL,'1995-12-02',NULL,NULL,NULL,NULL),
(1466,10121,'21129301608','LOLE931024HBCPMF18','LOLE9310248J0','B+','56712490925','LAURA/ MAM',48,'2017-02-02',1,'629-39-19',20,NULL,'BAJA CALIFORNIA','M',NULL,'27','lefrain9310@gmail.com','664332-29-76','Manuel Carpio 46 2, Otay, c.p. 22435','SANTANDER',NULL,NULL,NULL,'BASE','2020-07-09','DIURNO',976.5,1024.66,'Lopez Limon Efrain Roberto',NULL,NULL,NULL,NULL,'1993-10-24',NULL,NULL,NULL,NULL),
(1467,11392,'71108506214','LOLJ851219HCSPPR02','LOLJ851219AT9','N/A','1523069920','CECILIA',59,'2023-08-09',1,'664-491-0738',22,NULL,'CHIAPAS','M',1,NULL,'JOSELUISLOLOPEZ@OUTLOOK.ES','9613633048','Jose Revueltas 76, Otay Tijuana,c.p.22435','BBVA',NULL,NULL,NULL,NULL,NULL,'DIURNO',374.89,327.82,'Lopez Lopez Jorge Luis',NULL,NULL,NULL,NULL,'1985-12-19',NULL,NULL,NULL,NULL),
(1468,10126,'21088734955','LOSH871125HBCPNC04','LOSH871125NJ2','N/A','56689088662','ABRAHAM',59,'2022-09-06',1,'664-632-933-8',15,NULL,'TIJUANA,B.C.','m',NULL,NULL,'lopezhectorarmando.75@gmail.com','664-168-605-1','Mrida 808, ej mariano matamoros,c.p.22204','SANTANDER',NULL,NULL,NULL,NULL,NULL,'DIURNO',374.89,272.11,'Lopez Sanchez Hector Armando',NULL,NULL,NULL,NULL,'1987-11-25',NULL,NULL,NULL,NULL),
(1469,11846,'21048221648','LOSM820130HCSPHN03','LOSM820130BK4','N/A','1505492526','ANGELA',20,'2023-06-14',1,'664-670-30-65',6,NULL,'CHIAPAS','M',NULL,NULL,'LOPEZUSIAS8@GMAIL.COM','664-357-58-05','las torres m73 l6, col. las torres,c.p.22470','BBVA',NULL,NULL,NULL,NULL,NULL,'DIURNO',374.89,NULL,'Lopez Shilon Manuel',NULL,NULL,NULL,NULL,'1982-01-30',NULL,NULL,NULL,NULL),
(1470,10133,'33887319631','MAHM730108HCHRRC02','MAHM730108QZ9','O-','56706911223','MANUEL',18,'2016-09-26',1,'664-229-47-81',6,NULL,'CHIHUAHUA','M',2,'36','mayymarina777@gmail.com','664-661-41-10','5 de abril #819, col. 10 de mayo, c.p.22476','SANTANDER','0809097126',NULL,16.02,'BASE','2021-01-04','DIURNO',374.89,224.85,'Martinez Hernandez Michael',NULL,NULL,NULL,NULL,'1973-01-08',NULL,NULL,NULL,NULL),
(1471,11859,'45008122611','MAHV810702HDFRRC07','MAHV8107027H2','N/A','15422603367','LIZBETH',20,'2023-07-17',1,'664-327-05-15',6,NULL,'CIUDAD DE MEXICO','M',NULL,NULL,NULL,'664-824-90-36','Cubilette, col. villa fontana,c.p.22205','BBVA',NULL,NULL,NULL,NULL,NULL,'DIURNO',374.89,327.82,'Martinez Hernandez Victor',NULL,NULL,NULL,NULL,'1981-07-02',NULL,NULL,NULL,NULL),
(1472,10139,'23038584688','MARM850906HSLRNR05','MARM850906EE5','AB+','1553157970','DIANA/ HERMANA',22,'2012-05-18',1,'664-219-82-53',15,NULL,'SINALOA','M',1,'36','macanto.8509@gmail.com','664-571-51-37','Pino Suarez n 2619-2  Ejido Chilpancingo, c.p. 22440','BBVA','0216178955',1598.14,NULL,'BASE','2020-07-09','DIURNO',696.75,376.8,'Martinez Rendon Marco Antonio',NULL,NULL,NULL,NULL,'1985-09-06',NULL,NULL,NULL,NULL),
(1473,10140,'21129510141','MATM950222HBCRLG06','MATM950222G27','O+','1553157962','ALONDRA',59,'2023-04-28',1,'664-362-70-93',15,NULL,'TIJUANA,B.C.','M',2,NULL,'MIGUE.IVAN202023@GMAIL.COM','663-327-53-26','Vista alegre 2417, col. Vista alamar,c.p.22450','BBVA',NULL,NULL,NULL,NULL,NULL,'DIURNO',374.89,NULL,'Martinez Tlaxca Miguel Angel',NULL,NULL,NULL,NULL,'1995-02-22',NULL,NULL,NULL,NULL),
(1474,11716,'30220312729','MEPR030926MMSDMSA4','MEPR0309261GA','N/A','15313799816','YULIANA',1,'2022-08-22',1,'735-239-122-6',6,NULL,'MORELOS','F',NULL,NULL,'ROSAURAMEDINA795@GMAIL.COM','735-209-744-8','Priv. Oviedo 26162-88, col. Laurel, c.p.22253','BBVA',NULL,NULL,NULL,NULL,NULL,'DIURNO',374.89,272.11,'Medina Pimentel Rosaura',NULL,NULL,NULL,NULL,'2003-09-26',NULL,NULL,NULL,NULL),
(1475,11881,'*02168964399','MEGJ890814HCSJMN06','MEGJ890814CC7','N/A','1515275822','RICARDO',21,'2023-09-08',1,'663-328-79-27',12,NULL,'CHIAPAS','M',NULL,NULL,NULL,'664-429-96-88','Av. del Fuerte 18610, Campestre Murua, c.p.22455','BBVA',NULL,NULL,NULL,NULL,NULL,'DIURNO',374.89,327.82,'Mejia Gomez Juan Carlos',NULL,NULL,NULL,NULL,'1989-08-14',NULL,NULL,NULL,NULL),
(1476,11895,'49230550524','MEGI050704HCSNNTA1','MEGI050704B80','N/A',NULL,'YANET',59,'2023-10-02',1,'968-129-51-37',22,NULL,'CHIAPAS','M',NULL,NULL,'ITURBIDESMENDOZI@GMAIL.COM','663-199-91-44','Vicente Riva palacios 161, Otay Tijuana, c.p.22435','BBVA',NULL,NULL,NULL,NULL,NULL,'DIURNO',374.89,327.82,'Mendoza Gonzalez Iturbides',NULL,NULL,NULL,NULL,'2005-07-04',NULL,NULL,NULL,NULL),
(1477,11729,'*03150103962','MECA011116MBCZHBA8','MECA011116','N/A','2915462010',NULL,59,'2022-12-19',1,NULL,22,NULL,'TIJUANA,B.C.','F',NULL,NULL,'MEZACHICHOABRIL@GMAIL.COM',NULL,'Diplomticos 304, Otay jardin,c.p.22427,','BBVA',NULL,NULL,NULL,NULL,NULL,'DIURNO',374.89,NULL,'Meza Chico Abril Sarahi',NULL,NULL,NULL,NULL,'2001-11-16',NULL,NULL,NULL,NULL),
(1478,11845,'21068863519','MEOG881201HGTZCL08','MEOG881201M67','N/A','1536417167','GUILLERMO',18,'2023-06-13',1,'664-113-79-57',11,NULL,'GUANAJUATO','M',1,NULL,'MEMOMEZA@HOATMAIL.COM','664-571-86-22','Hda sta alicia m43 l35, terrazas del valle ii,c.p.22330','BBVA',NULL,NULL,NULL,NULL,NULL,'DIURNO',374.89,NULL,'Meza Ochoa Guillermo',NULL,NULL,NULL,NULL,'1988-12-01',NULL,NULL,NULL,NULL),
(1479,11062,'6180280155','MITK020426MDGRRRA5','MITK020426P55','B+','1528617500','JOS/ PAPA',23,'2020-05-06',1,'664572-64-78',6,NULL,'DURANGO','F',NULL,'35','mirantorr46@gmail.com','664-126-11-13','Sauces n 2860 fracc Jardn dorado, c.p. 22200','BBVA',NULL,NULL,NULL,'BASE','2020-07-17','DIURNO',374.89,223.04,'Miranda Torres Karol Valeria',NULL,NULL,NULL,NULL,'2002-04-26',NULL,NULL,NULL,NULL),
(1480,10152,'23846650572','MOAA660916HSLRLL02','MOAA6609169Z9','A+','1553158160','MARIA JESUS',59,'2015-09-21',1,'664-354-60-35',22,NULL,'SINALOA','M',3,'27','alanmorales091966@gmail.com','664-354-6035','Priv iberica n 12852-57 urbi villas del prado c.p 22170','BBVA',NULL,NULL,NULL,'BASE','2020-07-09','DIURNO',397,417.12,'Morales Alarid Alan Adolfo',NULL,NULL,NULL,NULL,'1966-09-16',NULL,NULL,NULL,NULL),
(1481,11490,'37169835313','MONB981008MCSRVR06','MONB9810088U2','O+','1544664551','FLORIZAYDA',18,'2023-05-03',1,'664-108-57-35',5,NULL,'CHIAPAS','M',NULL,NULL,'BRISEYDANM@GMAIL.COM','664-776-34-68','Cjon de servicio #14hz, Col. Granjas familiares,c.p.22557','BBVA',NULL,NULL,NULL,NULL,NULL,'DIURNO',374.89,NULL,'Morales Navarro Briseyda',NULL,NULL,NULL,NULL,'1998-10-08',NULL,NULL,NULL,NULL),
(1482,11493,'21160275489','MONR020513HCSRVSA4','MONR020512LZ3','N/A','1502933738','FLORIZAYDA',20,'2023-05-03',1,'664-108-57-35',5,NULL,'CHIAPAS','M',NULL,NULL,'NAVARROROSEL825@GMAIL.COM','664-60-40-79-3','Cjon de servicio #14hz, Col. Granjas familiares,c.p.22557','BBVA',NULL,NULL,NULL,NULL,NULL,'DIURNO',374.89,NULL,'Morales Navarro Roselito',NULL,NULL,NULL,NULL,'2002-05-13',NULL,NULL,NULL,NULL),
(1483,11751,'*03210166686','MOGG10212MCSRRLA1','MOGG0102129S5','N/A','1553158160','BERENICE',21,'2023-01-31',1,'963-143-44-03',12,NULL,'CHIAPAS','F',NULL,NULL,'GLADISMORENO006@GMAIL.COM','663-206-90-51','Hacienda San Carlos, terrazas del valle, c.p.22246','BBVA',NULL,NULL,NULL,NULL,NULL,'DIURNO',374.89,NULL,'Moreno Garcia Gladis',NULL,NULL,NULL,NULL,'2001-02-12',NULL,NULL,NULL,NULL),
(1484,11892,'21008431971','MOBB840203MJCSRR03','MOBB840203EYA','N/A',NULL,'HERIBERTO',1,'2023-09-25',1,'664-169-86-28',10,NULL,'GUADALAJARA','F',1,NULL,'BERENICEMOSQUEDA@GMAIL.COM','664-814-53-42','Del Pirul 5857 bb6, villa del campo,c.p.22254','BBVA',NULL,NULL,NULL,NULL,NULL,'DIURNO',374.89,327.82,'Mosqueda Barajas Berenice',NULL,NULL,NULL,NULL,'1984-02-03',NULL,NULL,NULL,NULL),
(1485,10159,'21805905441','MUSJ911014HBCXRN05',NULL,'N/A','56786155542',NULL,59,'2018-01-08',1,NULL,22,NULL,'GUANAJUATO','M',NULL,NULL,'ysabelsernas@gmail.com',NULL,'Priv, Alcatraces 16580 44, Fracc. Jardines del Lago, C.p 22217','SANTANDER',NULL,NULL,NULL,'BASE','2020-07-09','DIURNO',374.89,416.03,'Muoz Sernas Juan Alberto',NULL,NULL,NULL,NULL,'1991-10-14',NULL,NULL,NULL,NULL),
(1486,10164,'12897142910','OAMH710208MGTBLL08','OAMH710208ER8','O+','56799964812',NULL,2,'2013-12-01',1,NULL,2,NULL,'GUANAJUATO','F',NULL,'18','hildaobrajeromaldonado20@gmail.com','664-570-65-52','Fresa 22161, col. La Morita, c.p.22245','SANTANDER',NULL,NULL,NULL,'BASE','2020-07-24','DIURNO',374.89,224.85,'Obrajero Maldonado Hilda',NULL,NULL,NULL,NULL,'1971-02-08',NULL,NULL,NULL,NULL),
(1487,10627,'21047908682','OOEC791125MVZSST01','OOEC791125G40','O+','56767093190','ANGEL',23,'2019-06-15',1,'664-759-4314',5,NULL,'VERACRUZ','F',2,'36','catalinaosorioespinoza@gmail.com','664-303-37-78','Aranda #16, Col. Granjas Familiares, c.p. 22474','SANTANDER',NULL,NULL,NULL,'BASE','2020-07-17','DIURNO',374.89,223.97,'Osorio Espinoza Catalina',NULL,NULL,NULL,NULL,'1979-11-25',NULL,NULL,NULL,NULL),
(1488,11906,'57169861481','PEAT980620HCHDGM01','PEAT980620659','N/A','1511397400','BIANCA',58,'2024-01-03',1,'619-769-58-89',22,NULL,'CHIHUAHUA','M',2,NULL,'TOMASP0602@GMAIL.COM','664-236-23-76','Valle de Guadalupe, MZ11 L39 4, EJ. Francisco Villa, C.p. 22235','BBVA',NULL,NULL,NULL,NULL,NULL,'DIURNO',407.91,NULL,'Pedregon Aguilar Tomas Esau',NULL,NULL,NULL,NULL,'1998-06-20',NULL,NULL,NULL,NULL),
(1489,10182,'21996008351','PEGS600721HCSRLN06','PEGS600721NL6','N/A','1553158403','IRENE PEREZ/HIJA',28,'2015-04-15',1,'664-582-8969',22,NULL,'CHIAPAS','M',7,'27','santiperez.ame60@gmail.com','664-347-3049','Valle del Imperio n 5633 Parajes del Valle c.p 22334','BBVA',NULL,NULL,NULL,'BASE','2020-07-09','DIURNO',374.89,250.8,'Perez Gallardo Santiago',NULL,NULL,NULL,NULL,'1960-07-21',NULL,NULL,NULL,NULL),
(1490,11680,'26149421823','PEMS940923MCSRRR03','PEMS9409239X9','A1+','1569348517','ERICK',59,'2022-06-08',1,'6641155371',22,NULL,'CHIAPAS','F',NULL,'27','saraiprz1994@gmail.com','6645569650','Loma de la cruz, Col. Lomas verdes, c.p.22127','BBVA',NULL,NULL,NULL,NULL,NULL,'DIURNO',374.89,369.74,'Perez Morales Sarai',NULL,NULL,NULL,NULL,'1994-09-23',NULL,NULL,NULL,NULL),
(1491,11637,'O5180296500','PEPK020504MBCRRRA0','PEPK020504DB7','N/A','1502320563','MARIA EVA/MAMA',25,'2022-02-28',1,'664-818-39-64',22,NULL,'BAJA CALIFORNIA','F',NULL,NULL,'karlaperez020405@gmail.com','664-547-00-63','Cjon San Jose #165, col. Granjas familiares Division del norte, c.p.22474','BBVA',NULL,NULL,NULL,'N.I',NULL,'DIURNO',374.89,272.11,'Perez Perez Karla Karina',NULL,NULL,NULL,NULL,'2002-05-04',NULL,NULL,NULL,NULL),
(1492,10185,'21068111612','PEPM810801MCSRRR06','PEPM810801337','N/A','55504635088',NULL,2,'2015-05-26',1,NULL,8,NULL,'CHIAPAS','F',4,'36','everdeleonperez.10@gmail.com','664-562-27-14','Caon del padre n 431 Nueva Esperanza (alamar) c.p 22203','SANTANDER',NULL,NULL,NULL,'BASE','2020-07-17','DIURNO',374.89,224.85,'Perez Perez Mariceli',NULL,NULL,NULL,NULL,'1981-08-01',NULL,NULL,NULL,NULL),
(1493,11161,'3198014114','PEUR801219MBCRPS05','PEUR8012198F7','O+','56797951523','ESPOSO',59,'2022-03-02',1,'663-240-32-60',22,NULL,'BAJA CALIFORNIA','F',4,NULL,'rosa.perezupun.1980@gmail.com','664-709-24-98','Naranjo l47 m7 pino las Torres II c.p 22470','SANTANDER',NULL,NULL,NULL,'N.I',NULL,'DIURNO',374.89,272.11,'Perez Upun Rosa',NULL,NULL,NULL,NULL,'1980-12-19',NULL,NULL,NULL,NULL),
(1494,11518,'15130180100','PEUV010930HBCRRLA6','PEUV010930NY3','N/A','1571667014',NULL,59,'2022-06-27',1,'664-560-83-72',15,NULL,'BAJA CALIFORNIA','M',NULL,NULL,'VALENTIN.RIOSPEREZ@GMAIL.COM','664 142 8687','De los laureles n65 col ejido Rojo Gomez, c.p. 22233','BBVA',NULL,NULL,NULL,'N.I',NULL,'DIURNO',374.89,235.02,'Perez Urias Valentin',NULL,NULL,NULL,NULL,'2001-09-30',NULL,NULL,NULL,NULL),
(1495,11863,'*03228749820','PIXL871212HNERXC09','PILU871212KA7','N/A','1585928651','BLANE',59,'2023-07-26',1,'664-745-12-67',17,NULL,'HAITI','M',1,NULL,'PIERRELUCKSON637@GMAIL.COM','664-539-87-69','Fco villa 2818 5, pino Suarez Gato Bronco,c.p.22446','BBVA',NULL,NULL,NULL,NULL,NULL,'DIURNO',374.89,327.82,'Pierre Luckson',NULL,NULL,NULL,NULL,'1987-12-12',NULL,NULL,NULL,NULL),
(1496,10200,'21015801620','RAPY580508MVZMLL01','RAPY580508D44','O-','55504635043','OCTAVIO/ HIJO',2,'2018-03-27',1,'664-657-28-11',2,NULL,'VERACRUZ','F',2,'27','ramospalaciosyolanda@mail.com','664-555-61-55','Priv. Begoa n 15047-66 fracc Hacienda las Delicias, c.p.22163','SANTANDER','0207289985',NULL,10.15,'BASE','2020-07-24','DIURNO',374.89,224.26,'Ramos  Palacios Yolanda',NULL,NULL,NULL,NULL,'1958-05-08',NULL,NULL,NULL,NULL),
(1497,11401,'21907347849','RESH730415HZSYCC10','RESH730415II7',NULL,'1551622320','MARIA/ ESPOSA',23,'2021-05-14',1,'664-124-87-24',16,NULL,'ZACATECAS','M',3,NULL,'Ddreynoso1573@gmail.com','664-673-87-21','Tercera n 20060 b37 Cond b Residencial bellas artes, c.p. 22435','BBVA',NULL,NULL,NULL,'BASE',NULL,'DIURNO',415.33,409.61,'Reynoso Saucedo Hector David',NULL,NULL,NULL,NULL,'1973-04-15',NULL,NULL,NULL,NULL),
(1498,11855,'*08199440424','ROSJ940409MMCDRZ02','ROSJ9404093AO','N/A','1524308082','ARTURO',53,'2023-07-07',1,'664-381-93-70',22,NULL,'DISTRITO FEDERAL','F',2,NULL,'JAZI-0919@HOTMAIL.COM','228-839-28-29','Pino Suarez 2741, ej Chilpancingo,c.p.22446','BBVA',NULL,NULL,NULL,NULL,NULL,'DIURNO',374.89,NULL,'Rodriguez Suarez Jaziret de Los Angeles',NULL,NULL,NULL,NULL,'1994-04-09',NULL,NULL,NULL,NULL),
(1499,11719,'*08150024597','ROLJ000330HMCMPSA4','ROLJ000330F46','O+','1524042544','MINERVA',59,'2022-09-21',1,'722-849-394-9',6,NULL,'TOLUCA','M',NULL,NULL,'RODRIKLAN9@GMAIL.COM','662-103-732-1','Priv. Lerma 26382-13, Col. Laurel, c.p.22253.','BBVA',NULL,NULL,NULL,NULL,NULL,'DIURNO',374.89,272.11,'Romero Lopez Jesus Rodrigo',NULL,NULL,NULL,NULL,'2000-03-30',NULL,NULL,NULL,NULL),
(1500,11712,'12867204031','ROTM710608HGTMPN01','ROTM710608817','O+','1530134894','MARGARITA',18,'2022-08-15',1,'4774007554',6,NULL,'GUANAJUATO','M',2,NULL,'ROMEROTAPIA427@GMAIL.COM','432-127-503-8','Rancho seco 13503, Col. Lomas Taurinas,c.p.22410','BBVA',NULL,NULL,NULL,NULL,NULL,'DIURNO',374.89,272.11,'Romero Tapia Manuel',NULL,NULL,NULL,NULL,'1971-06-08',NULL,NULL,NULL,NULL),
(1501,11759,'90937518638','ROGP750213HVZSNB07','ROGP7502135T2','O+','1512976193','LETICIA',20,'2023-02-14',1,'664-363-86-68',18,NULL,'VERACRUZ','M',NULL,NULL,'ROSENDOPABLO132@GMAIL.COM','228-134-56-56','Cond. oriol 17271 46, Fracc. natura,c.p.22163','BBVA',NULL,NULL,NULL,NULL,NULL,'DIURNO',374.89,NULL,'Rosendo Gonzalez Pablo',NULL,NULL,NULL,NULL,'1975-02-13',NULL,NULL,NULL,NULL),
(1502,10536,'21876885555','RUAE680523MMNZYL08','RUAE680523N31','N/A','56680178977','BERNABE',2,'2015-06-08',1,'664-235-55-37',2,NULL,'MICHOACAN','F',3,'34','elenaruizayala9522@gmail.com','664-781-08-60','Sandia n 24936-1 Fracc. el florido 3, c.p.22237','SANTANDER','0208159880',NULL,19.12,'BASE','2020-07-17','DIURNO',374.89,224.85,'Ruiz Ayala Elena',NULL,NULL,NULL,NULL,'1968-05-23',NULL,NULL,NULL,NULL),
(1503,10228,'25947406135','SAMJ740821HOCMNN00','SAMJ740821100','N/A','56689117122','ESPOSA',22,'2011-06-28',1,'664-189-62-06',17,NULL,'OAXACA','M',2,'18','sampedromontes@gmail.com','664-294-48-83','Valle Zaragoza n 29015 Vistas del valle  c.p 22330','SANTANDER','0203112076',NULL,43.93,'BASE','2020-07-09','DIURNO',459.3,374.83,'Sampedro Montes Juan',NULL,NULL,NULL,NULL,'1974-08-21',NULL,NULL,NULL,NULL),
(1504,10232,'3158565311','SAGM850424MCSNRL01','SAGM850424311','O+','56689086692','ADILENE',23,'2015-06-24',1,'665-142-32-92',22,NULL,'BAJA CALIFORNIA','F',1,'8','sanchezadii15@gmail.com',NULL,'Del Tule n 5801-14f fracc. villa del Campo, c.p. 22254','SANTANDER',NULL,NULL,NULL,'BASE','2020-07-09','DIURNO',374.89,304.7,'Sanchez Garcia Melina',NULL,NULL,NULL,NULL,'1985-04-24',NULL,NULL,NULL,NULL),
(1505,10233,'21926820701','SAHJ680311HPLNRN01','SAHJ680311FV5','N/A','56741725478',NULL,18,'2018-07-16',1,NULL,6,NULL,'PUEBLA','M',1,'39','ivanhvdchyr@gmail.com','664-169-19-19','Del Jardn #6340-016, col. Villa del Campo,c.p.22254','SANTANDER',NULL,NULL,NULL,'BASE','2020-07-09','DIURNO',374.89,223.97,'Sanchez Hernandez Juan',NULL,NULL,NULL,NULL,'1968-03-11',NULL,NULL,NULL,NULL),
(1506,11894,'28160581287','SAPA050604HCSNRRA0','SAPA050604EX4','N/A',NULL,'NAYELI',1,'2023-09-27',1,'961-272-42-27',5,NULL,'CHIAPAS','M',NULL,NULL,'AARONSANCHEZPEREZ@GMAIL.COM','663-199-91-44','Vicente Riva palacios 161, Otay Tijuana, c.p.22435','BBVA',NULL,NULL,NULL,NULL,NULL,'DIURNO',374.89,327.82,'Sanchez Perez Aaron',NULL,NULL,NULL,NULL,'2005-06-04',NULL,NULL,NULL,NULL),
(1507,11896,'10190234988','SAMA020228MCSNRMA9','SAMA0202281W1','N/A',NULL,'NOELIA',59,'2023-10-09',1,'563-928-20-39',22,NULL,'CHIAPAS','F',NULL,NULL,'SOFIASANTIZO32@GMAIL.COM','663-228-41-68','Quintana Roo 120, col. las Torres,c.p.22470','BBVA',NULL,NULL,NULL,NULL,NULL,'DIURNO',374.89,327.82,'Santizo Morales Amaydy',NULL,NULL,NULL,NULL,'2002-02-28',NULL,NULL,NULL,NULL),
(1508,10241,'3147032118','SIRR701125HBCLJD03','SIRR7011257Z6','N/A','1553158942',NULL,59,'2016-10-25',1,NULL,5,NULL,'GUATEMALA','M',3,'36','rodolfosilvestrerojas@gmail.com','963-172--52-57','Salvador Novo 55- c Fracc. Nueva Tijuana mod 1, c.p. 22435','BBVA',NULL,NULL,NULL,'BASE','2020-07-24','DIURNO',374.89,250.47,'Silvestre Rojas Rodolfo',NULL,NULL,NULL,NULL,'1970-11-25',NULL,NULL,NULL,NULL),
(1509,10242,'21076303581','SOXC631011MBCLXR05','SOCA6310112N1','N/A','56689086874',NULL,59,'2021-01-14',1,NULL,22,NULL,'BAJA CALIFORNIA','F',2,'36','mariadelcarmensolano44@gmail.com','664-564-76-05','Los pinos l 142 m128 Insurgentes c.p 22476','SANTANDER',NULL,NULL,NULL,'BASE',NULL,'DIURNO',374.89,223.04,'Solano  Martinez Maria Del Carmen',NULL,NULL,NULL,NULL,'1963-10-11',NULL,NULL,NULL,NULL),
(1510,11730,'24139506257','TABJ950506HSRLCS02','TABJ950506I22','N/A','1552818921','DANIEL',59,'2023-01-04',1,'642-104-86-55',15,NULL,'SONORA','M',NULL,NULL,'mayrabe79@gmail.com','664-612-583-5','Primo Tapia 20688, Buenos aires norte,c.p.22200.','BBVA',NULL,NULL,NULL,NULL,NULL,'DIURNO',374.89,NULL,'Talamante Becerra Jesus Francisco',NULL,NULL,NULL,NULL,'1995-05-06',NULL,NULL,NULL,NULL),
(1511,10249,'64897248742','TOLY720209MDGRRL09','TOLY720209IM0','B+','56791544189','JOSE/ ESPOSO',1,'2018-04-26',1,'664-572-68-78',10,NULL,'DURANGO','F',2,'35','yolandatorres3017@gmail.com','664327-24-28','Sauvce n 2860 Jardin dorado c.p 22200','SANTANDER',NULL,NULL,NULL,'BASE','2020-07-17','DIURNO',374.89,223.62,'Torres Lerma Yolanda',NULL,NULL,NULL,NULL,'1972-02-09',NULL,NULL,NULL,NULL),
(1512,10922,'21048686311','TOMJ861106HBCRJM04','TOMJ861106JN4','N/A','56795061667','YURIKO/ ESPOSA',59,'2019-09-02',1,'664-312-70-80',21,NULL,'BAJA CALIFORNIA','M',3,'35','ceitorres@hotmail.com','664-771-58-69','Lomas de la Hacienda, Lomas virreyes, c.p. 22244','SANTANDER',NULL,NULL,NULL,'BASE','2020-07-09','DIURNO',973.04,903.11,'Torres Mejia Jaime Ivan',NULL,NULL,NULL,NULL,'1986-11-06',NULL,NULL,NULL,NULL),
(1513,10252,'21926619137','UILL660214MDFRNT06','UILL660214MB4','A+','56689116971','CRISTIAN/HIJO',2,'2012-04-16',1,'664-485-43-38',22,NULL,'MEXICO','F',2,NULL,'peque_lul@hotmail.com','664-693-91-20','Hacienda la escondida 23115, Terrazas del Valle,c.p.22330','SANTANDER',NULL,NULL,NULL,'BASE','2020-07-17','DIURNO',374.89,224.85,'Uribe Leon Leticia',NULL,NULL,NULL,NULL,'1966-02-14',NULL,NULL,NULL,NULL),
(1514,11564,'21016803179','VABA680106MCSLRD05','VABA680106JQ7','N/A','1555281969','MARIA/AMIGA',1,'2021-11-09',1,'551-387-66-86',6,NULL,'CHIAPAS','F',1,NULL,'valdezbravomaria@gmail.com','962-207-48-19','Av. del fuerte #15154-b, Col. campestre Murua, c.p. 22465','BBVA',NULL,NULL,NULL,'N.I',NULL,'DIURNO',374.89,223.62,'Valdez Bravo Maria Audelia',NULL,NULL,NULL,NULL,'1968-01-06',NULL,NULL,NULL,NULL),
(1515,10259,'21836639951','VAPL660416MBCRRG08','VAPL660416478','O+','1576779635','SERGIO/ESPOSO',57,'2021-09-29',1,'664-810-15-45',22,NULL,'BAJA CALIFORNIA','F',1,NULL,'aracely.varguez@hotmail.com','664-305-49-47','Priv. Alcora #24110 b77 col villa del sol 1 c.p. 22205','BBVA',NULL,NULL,NULL,'BASE',NULL,'DIURNO',649.8,679.17,'Varguez Puerto Ligia Aracely',NULL,NULL,NULL,NULL,'1966-04-16',NULL,NULL,NULL,NULL),
(1516,11586,'72057402561','VALS741124HGRZZL01','VALS741124M75','N/A','1536565151','MIRIAM / SOBRINA',25,'2021-12-07',1,'664-550-96-80',22,NULL,'ACAPULCO','M',1,NULL,'CKatraGatuzo@gmail.com','664-802-14-29','Hda. Dolera #14951 d402, fracc. delicias c.p. 22163','BBVA',NULL,NULL,NULL,'N.I',NULL,'DIURNO',374.89,327.82,'Vazquez Lazaro Saul',NULL,NULL,NULL,NULL,'1974-11-24',NULL,NULL,NULL,NULL),
(1517,11907,'25149412915','VANR941209HCSZNY02','VANR941209HA1','N/A','1506713353','ODELTA',20,'2024-01-04',1,'663-222-69-53',6,NULL,'CHIAPAS','M',NULL,NULL,'YOR-DIC.15@HOTMAIL.COM','664-675-53-29','Cond. Fenix 16002 63 puesta del sol, Fracc. Natura, C.p 22163','BBVA',NULL,NULL,NULL,NULL,NULL,'DIURNO',374.89,NULL,'vazquez Nanduca Royber',NULL,NULL,NULL,NULL,'1994-12-09',NULL,NULL,NULL,NULL),
(1518,10272,'71937225143','VERJ720315HCSNBR04','VERJ720315464','N/A','56798015749','YAJAIRA',59,'2017-01-10',1,'664-222-49-17',19,NULL,'CHIAPAS','M',NULL,NULL,'JvRoblero72@gmail.com',NULL,'Caballo Alazan n 1 fracc. Lomas del pedregal, c.p.22254','SANTANDER','0212107545',NULL,19.12,'BASE','2020-07-24','DIURNO',374.89,327.82,'Ventura Roblero Jairo',NULL,NULL,NULL,NULL,'1972-03-15',NULL,NULL,NULL,NULL),
(1519,11726,'16169988850','ZAGA990514MMCMRR04','ZAGA990514417','N/A','1527578410','CELESTINA',59,'2022-10-24',1,'7291572998',22,NULL,'MEXICO','M',NULL,NULL,'arianazamorakpop@gmail.com','722-849-394-9','Priv. Lerma 26382-13, col. Laurel,c.p.22253.','BBVA',NULL,NULL,NULL,NULL,NULL,'DIURNO',374.89,327.82,'Zamora Garcia Ariana',NULL,NULL,NULL,NULL,'2022-05-14',NULL,NULL,NULL,NULL),
(1520,10281,'21886815907','ZAVJ680708HSLZLR05','ZAVJ680708H10','O+','56712490911','LORENA/HERMANA',1,'2023-01-10',1,'664-235-89-09',10,NULL,'SINALOA','M',NULL,'27','JLZVALDEZ69@GMAIL.COM','664-127-9139','Ejidatario #35, col. Altiplano c.p. 22204','SANTANDER',NULL,NULL,NULL,'N.I',NULL,'DIURNO',374.89,327.82,'Zazueta Valdez Jorge Luis',NULL,NULL,NULL,NULL,'1968-07-08',NULL,NULL,NULL,NULL),
(1521,11913,'25967992097','AAOC790917MNTRML08','AOCC790917V36','N/A','1557189192','EVA',59,'2024-01-16',1,'664-368-35-15',13,NULL,'NAYARIT','F',1,NULL,'FABIOLAARROYO1779@GMAIL.COM','664-421-82-04','C. 1ERO DE MAYO 23758, FRACC. MARIANO MATAMOROS NORTE, C.P. 22206','BBVA',NULL,NULL,NULL,NULL,NULL,'DIURNO',374.89,NULL,'Arroyo Camberos Claudia Fabiola',NULL,NULL,NULL,NULL,'1979-09-17',NULL,NULL,NULL,NULL),
(1522,11911,'72137501309','BOPM750120HGRLNR00','BOPM7501203W1','N/A','1511844306','MA LUISA',20,'2024-01-15',1,'663-443-57-43',6,NULL,'GUERRERO','M',NULL,NULL,'KALEDMART@GMAIL.COM','781-110-09-25','Entusiasmo No. 12109, Valle Verde,C.p. 22204','BBVA',NULL,NULL,NULL,NULL,NULL,'DIURNO',374.89,NULL,'Bolaos Pinzon Martin',NULL,NULL,NULL,NULL,'1975-01-20',NULL,NULL,NULL,NULL),
(1523,11912,'15088817612','VABJ880912HMSRCS01','VABJ880912TV6','N/A','2790723010','CYNTHIA',20,'2024-01-16',1,'663-521-42-62',5,NULL,'MORELOS','M',2,NULL,'POLVO_KITO123@HOTMAIL.COM','961-168-15-10','Fraccion 8-G, Granjas Familiares, C.p.22476','BBVA',NULL,NULL,NULL,NULL,NULL,'DIURNO',374.89,NULL,'Vargas Becerro Jose',NULL,NULL,NULL,NULL,'1988-09-12',NULL,NULL,NULL,NULL),
(1524,11916,'*051598300230','LOGD980321HBCPRN08','LOGD980321QT2','N/A',NULL,'THALIA',38,'2024-01-18',1,'664-463-10-10',16,NULL,'TIJUANA,B.C.','M',NULL,NULL,'ALEDANILATP@GMAIL.COM','664-463-10-10','Casas Grandes 7719 80, El Dorado, C.p. 22235',NULL,NULL,NULL,NULL,NULL,NULL,'DIURNO',374.89,NULL,'Lopez Garcia Daniel Enrique',NULL,NULL,NULL,NULL,'1998-03-21',NULL,NULL,NULL,NULL),
(1525,11917,'38180333130','COPE030331HBCYRDA1','COPE030331RZ1','N/A',NULL,NULL,59,NULL,1,NULL,22,NULL,'TIJUANA,B.C.','M',NULL,NULL,'EDGARCP4200@GMAIL.COM',NULL,'C. Voluntad 29 Col. Valle Verde C.P.22204',NULL,NULL,NULL,NULL,NULL,NULL,'DIURNO',374.89,327.82,'Coyotl Perez Edgar Alejandro',NULL,NULL,NULL,NULL,'2003-03-31',NULL,NULL,NULL,NULL),
(1526,11918,'25957743955','RORA770816MNTDYN01','RORA770816AF3',NULL,NULL,NULL,20,'2024-01-24',1,'664-151-88-06',22,NULL,'NAYARIT','F',NULL,NULL,NULL,NULL,'C. Mexicanidad 30 col. Insurgentes C.P 22476',NULL,NULL,NULL,NULL,NULL,NULL,'DIURNO',374.89,327.82,'Rodriguez Reyes Anabel',NULL,NULL,NULL,NULL,'1977-01-16',NULL,NULL,NULL,NULL),
(1527,11919,'12988091208','COPM800428HGTRDS08','COPM800428QV9',NULL,NULL,NULL,20,'2024-01-24',1,'663-124-58-42',5,NULL,'GUANAJUATO','M',NULL,NULL,NULL,NULL,'Condominio Serpens 20058 37 Fraccionamiento Natura  C.P 22163',NULL,NULL,NULL,NULL,NULL,NULL,'DIURNO',374.89,327.82,'Coronado Padron Moises Jesus',NULL,NULL,NULL,NULL,'1980-04-28',NULL,NULL,NULL,NULL),
(1528,11920,NULL,NULL,NULL,NULL,NULL,NULL,59,NULL,1,NULL,22,NULL,NULL,NULL,NULL,NULL,NULL,NULL,NULL,NULL,NULL,NULL,NULL,NULL,NULL,'DIURNO',NULL,NULL,'Neri Gonzalez Luis Enrique',NULL,NULL,NULL,NULL,NULL,NULL,NULL,NULL,NULL),
(1529,11921,NULL,NULL,NULL,NULL,NULL,NULL,59,NULL,1,NULL,22,NULL,NULL,NULL,NULL,NULL,NULL,NULL,NULL,NULL,NULL,NULL,NULL,NULL,NULL,'DIURNO',NULL,NULL,'Montes Hernandez Rigoberto Ricardo',NULL,NULL,NULL,NULL,NULL,NULL,NULL,NULL,NULL),
(1530,11922,'71947849965','OUTL781016HCSLPS00','OUTL781016FT2','N/A',NULL,NULL,59,NULL,1,NULL,22,NULL,'CHIAPAS','M',2,NULL,'JOSELIUISFLACO09@GMAIL.COM','6645757585','Vicente Riva Palaci 161 1 Otay C.P 22435',NULL,NULL,NULL,NULL,NULL,NULL,'DIURNO',NULL,NULL,'Olguin Tapia Jose Luis',NULL,NULL,NULL,NULL,'1978-10-16',NULL,NULL,NULL,NULL),
(1531,11923,'40160045262','PEPE000822HCSRRRA2','PEPE000822EK9','N/A',NULL,NULL,59,'2024-01-26',1,NULL,22,NULL,'CHIAPAS','M',NULL,NULL,NULL,NULL,'GMO PRIETO 4 MODULO 4 MESA DE OTAY C.P. 22435',NULL,NULL,NULL,NULL,NULL,NULL,'DIURNO',NULL,NULL,'Perez Perez Erico Francisco',NULL,NULL,NULL,NULL,'2000-08-22',NULL,NULL,NULL,NULL);
/*!40000 ALTER TABLE `employees` ENABLE KEYS */;
UNLOCK TABLES;

--
-- Table structure for table `general`
--

DROP TABLE IF EXISTS `general`;
/*!40101 SET @saved_cs_client     = @@character_set_client */;
/*!40101 SET character_set_client = utf8 */;
CREATE TABLE `general` (
  `id` int(10) unsigned NOT NULL AUTO_INCREMENT,
  `Name` varchar(50) DEFAULT NULL,
  `Value` int(11) DEFAULT NULL,
  PRIMARY KEY (`id`)
) ENGINE=InnoDB AUTO_INCREMENT=2 DEFAULT CHARSET=utf8mb3 COLLATE=utf8mb3_general_ci;
/*!40101 SET character_set_client = @saved_cs_client */;

--
-- Dumping data for table `general`
--

LOCK TABLES `general` WRITE;
/*!40000 ALTER TABLE `general` DISABLE KEYS */;
INSERT INTO `general` VALUES
(1,'Plantilla',120);
/*!40000 ALTER TABLE `general` ENABLE KEYS */;
UNLOCK TABLES;

--
-- Table structure for table `incidences`
--

DROP TABLE IF EXISTS `incidences`;
/*!40101 SET @saved_cs_client     = @@character_set_client */;
/*!40101 SET character_set_client = utf8 */;
CREATE TABLE `incidences` (
  `Id` int(11) NOT NULL AUTO_INCREMENT,
  `Code` varchar(3) NOT NULL,
  `Name` varchar(20) NOT NULL,
  PRIMARY KEY (`Id`)
) ENGINE=InnoDB AUTO_INCREMENT=10 DEFAULT CHARSET=utf8mb3 COLLATE=utf8mb3_general_ci;
/*!40101 SET character_set_client = @saved_cs_client */;

--
-- Dumping data for table `incidences`
--

LOCK TABLES `incidences` WRITE;
/*!40000 ALTER TABLE `incidences` DISABLE KEYS */;
INSERT INTO `incidences` VALUES
(1,'.',''),
(2,'PCS','PCS'),
(3,'S','SUSPENSION'),
(4,'F','FALTA'),
(5,'V','VACACIONES'),
(6,'B','BAJA'),
(7,'NI','NUEVO INGRESO'),
(8,'I','INCAPACIDAD'),
(9,'P','PERMISO');
/*!40000 ALTER TABLE `incidences` ENABLE KEYS */;
UNLOCK TABLES;

--
-- Table structure for table `inventory`
--

DROP TABLE IF EXISTS `inventory`;
/*!40101 SET @saved_cs_client     = @@character_set_client */;
/*!40101 SET character_set_client = utf8 */;
CREATE TABLE `inventory` (
  `Id` int(11) NOT NULL AUTO_INCREMENT,
  `Amount` float NOT NULL DEFAULT 0,
  `MaterialId` int(11) NOT NULL,
  PRIMARY KEY (`Id`),
  UNIQUE KEY `Id_UNIQUE` (`Id`),
  KEY `MaterialId_idx` (`MaterialId`),
  CONSTRAINT `MaterialId` FOREIGN KEY (`MaterialId`) REFERENCES `materials` (`Id`)
) ENGINE=InnoDB AUTO_INCREMENT=63 DEFAULT CHARSET=utf8mb3 COLLATE=utf8mb3_general_ci;
/*!40101 SET character_set_client = @saved_cs_client */;

--
-- Dumping data for table `inventory`
--

LOCK TABLES `inventory` WRITE;
/*!40000 ALTER TABLE `inventory` DISABLE KEYS */;
INSERT INTO `inventory` VALUES
(31,0,82),
(59,300,110),
(60,0,111),
(61,0,112),
(62,0,113);
/*!40000 ALTER TABLE `inventory` ENABLE KEYS */;
UNLOCK TABLES;

--
-- Table structure for table `materials`
--

DROP TABLE IF EXISTS `materials`;
/*!40101 SET @saved_cs_client     = @@character_set_client */;
/*!40101 SET character_set_client = utf8 */;
CREATE TABLE `materials` (
  `Id` int(11) NOT NULL AUTO_INCREMENT,
  `Code` varchar(45) NOT NULL,
  `Description` varchar(500) NOT NULL,
  `Measurement` varchar(45) NOT NULL,
  `ClientsId` int(11) NOT NULL DEFAULT 3,
  PRIMARY KEY (`Id`),
  UNIQUE KEY `Id_UNIQUE` (`Id`),
  UNIQUE KEY `Code` (`Code`),
  KEY `materials_relation_1` (`ClientsId`),
  CONSTRAINT `materials_relation_1` FOREIGN KEY (`ClientsId`) REFERENCES `clients` (`Id`),
  CONSTRAINT `check_not_empty` CHECK (`Code` <> _utf8mb3''),
  CONSTRAINT `check_not_empty1` CHECK (`Description` <> _utf8mb3''),
  CONSTRAINT `check_not_empty2` CHECK (`Measurement` <> _utf8mb3'')
) ENGINE=InnoDB AUTO_INCREMENT=114 DEFAULT CHARSET=utf8mb3 COLLATE=utf8mb3_general_ci;
/*!40101 SET character_set_client = @saved_cs_client */;

--
-- Dumping data for table `materials`
--

LOCK TABLES `materials` WRITE;
/*!40000 ALTER TABLE `materials` DISABLE KEYS */;
INSERT INTO `materials` VALUES
(82,'Prueba','Lorem ipsum dolor sit amet, consectetur adipiscing elit, sed do eiusmod tempor incididunt ut labore et dolore magna aliqua. Ut enim ad minim veniam, quis nostrud exercitation ullamco laboris nisi ut aliquip ex ea commodo consequat. Duis aute irure dolor in reprehenderit in voluptate velit esse cillum dolore eu fugiat nulla pariatur. Excepteur sint occaecat cupidatat non proident, sunt in culpa qui officia deserunt mollit anim id est laborum.','PZ',3),
(110,'AXR-9','Ribbon de zenpet','pz',3),
(111,'111','dasdas dasdasd sad as','pz',3),
(112,'222','dosuhbfcidshb fdsiufgesiu fhsy8 gfdsifmew','pz',3),
(113,'333','dsaoijcasoi fdasoifdhadsufhiudsfgdsyugfuyds g','Yard',3);
/*!40000 ALTER TABLE `materials` ENABLE KEYS */;
UNLOCK TABLES;

--
-- Table structure for table `movements`
--

DROP TABLE IF EXISTS `movements`;
/*!40101 SET @saved_cs_client     = @@character_set_client */;
/*!40101 SET character_set_client = utf8 */;
CREATE TABLE `movements` (
  `Id` int(11) NOT NULL AUTO_INCREMENT,
  `Job` varchar(6) DEFAULT NULL,
  `Export` varchar(10) DEFAULT NULL,
  `Due` date NOT NULL,
  PRIMARY KEY (`Id`),
  UNIQUE KEY `Job` (`Job`)
) ENGINE=InnoDB AUTO_INCREMENT=519 DEFAULT CHARSET=utf8mb3 COLLATE=utf8mb3_general_ci;
/*!40101 SET character_set_client = @saved_cs_client */;

--
-- Dumping data for table `movements`
--

LOCK TABLES `movements` WRITE;
/*!40000 ALTER TABLE `movements` DISABLE KEYS */;
INSERT INTO `movements` VALUES
(517,NULL,NULL,'2024-02-13'),
(518,NULL,NULL,'2024-02-15');
/*!40000 ALTER TABLE `movements` ENABLE KEYS */;
UNLOCK TABLES;

--
-- Table structure for table `outputs`
--

DROP TABLE IF EXISTS `outputs`;
/*!40101 SET @saved_cs_client     = @@character_set_client */;
/*!40101 SET character_set_client = utf8 */;
CREATE TABLE `outputs` (
  `Id` int(11) NOT NULL AUTO_INCREMENT,
  `PartId` int(11) DEFAULT NULL,
  `MaterialId` int(11) NOT NULL,
  `ClientId` int(11) DEFAULT NULL,
  `ProductId` int(11) DEFAULT NULL,
  `DestinyId` int(11) DEFAULT NULL,
  `Rev` int(11) DEFAULT NULL,
  `Amount` float NOT NULL,
  `Date` date NOT NULL,
  `Balance` float NOT NULL,
  `Job` char(6) DEFAULT NULL,
  `Entry` tinyint(1) NOT NULL,
  PRIMARY KEY (`Id`),
  UNIQUE KEY `Id_UNIQUE` (`Id`),
  KEY `PartId_idx` (`PartId`),
  KEY `ClientId_idx` (`ClientId`),
  KEY `MaterialId_idx` (`MaterialId`),
  KEY `ProductId_idx` (`ProductId`),
  KEY `DestinyId_idx` (`DestinyId`),
  CONSTRAINT `Outputs_ClientId` FOREIGN KEY (`ClientId`) REFERENCES `clients` (`Id`),
  CONSTRAINT `Outputs_DestinyId` FOREIGN KEY (`DestinyId`) REFERENCES `destinys` (`Id`),
  CONSTRAINT `Outputs_MaterialId` FOREIGN KEY (`MaterialId`) REFERENCES `materials` (`Id`),
  CONSTRAINT `Outputs_PartId` FOREIGN KEY (`PartId`) REFERENCES `parts` (`Id`),
  CONSTRAINT `Outputs_ProductId` FOREIGN KEY (`ProductId`) REFERENCES `products` (`Id`)
) ENGINE=InnoDB DEFAULT CHARSET=utf8mb3 COLLATE=utf8mb3_general_ci;
/*!40101 SET character_set_client = @saved_cs_client */;

--
-- Dumping data for table `outputs`
--

LOCK TABLES `outputs` WRITE;
/*!40000 ALTER TABLE `outputs` DISABLE KEYS */;
/*!40000 ALTER TABLE `outputs` ENABLE KEYS */;
UNLOCK TABLES;

--
-- Table structure for table `parts`
--

DROP TABLE IF EXISTS `parts`;
/*!40101 SET @saved_cs_client     = @@character_set_client */;
/*!40101 SET character_set_client = utf8 */;
CREATE TABLE `parts` (
  `Id` int(11) NOT NULL AUTO_INCREMENT,
  `Code` varchar(45) NOT NULL,
  `Description` varchar(100) NOT NULL,
  PRIMARY KEY (`Id`)
) ENGINE=InnoDB AUTO_INCREMENT=4 DEFAULT CHARSET=utf8mb3 COLLATE=utf8mb3_general_ci;
/*!40101 SET character_set_client = @saved_cs_client */;

--
-- Dumping data for table `parts`
--

LOCK TABLES `parts` WRITE;
/*!40000 ALTER TABLE `parts` DISABLE KEYS */;
INSERT INTO `parts` VALUES
(1,'AAA_000_AAA','dasodiugas lpaisokdjhas aposidj '),
(2,'dasdas','asdasd'),
(3,'fdsfs','sdfsdf');
/*!40000 ALTER TABLE `parts` ENABLE KEYS */;
UNLOCK TABLES;

--
-- Table structure for table `positions`
--

DROP TABLE IF EXISTS `positions`;
/*!40101 SET @saved_cs_client     = @@character_set_client */;
/*!40101 SET character_set_client = utf8 */;
CREATE TABLE `positions` (
  `Id` int(11) NOT NULL AUTO_INCREMENT,
  `Name` varchar(40) NOT NULL,
  PRIMARY KEY (`Id`)
) ENGINE=InnoDB AUTO_INCREMENT=60 DEFAULT CHARSET=utf8mb3 COLLATE=utf8mb3_general_ci;
/*!40101 SET character_set_client = @saved_cs_client */;

--
-- Dumping data for table `positions`
--

LOCK TABLES `positions` WRITE;
/*!40000 ALTER TABLE `positions` DISABLE KEYS */;
INSERT INTO `positions` VALUES
(1,'Operador'),
(2,'Costurero A'),
(18,'Costurero pro'),
(19,'Costurero ultra'),
(20,'Costurero A+'),
(21,'Ensamblador'),
(22,'Supervisor'),
(23,'Lider'),
(24,'Eton'),
(25,'Inspector'),
(26,'Empaque'),
(27,'Apoyo'),
(28,'Intendencia'),
(29,'Almacen de refacciones'),
(30,'Mantenimiento'),
(31,'Supervisor mantenimiento'),
(32,'Electromecanico'),
(33,'Mecanico de maquinas de costura'),
(34,'Mantenimiento de edificio'),
(35,'Serigrafista'),
(36,'Lider de almacen'),
(37,'Capturista'),
(38,'Almacenista'),
(39,'Materialista'),
(40,'Radiofrecuencia'),
(41,'Aux. Ingenieria'),
(42,'Nuevos productos'),
(43,'Aux. Import-Export'),
(44,'Gerente RH'),
(45,'Aux. Enfermeria'),
(46,'Gerente contabilidad'),
(47,'Capturista y soporte de Ing'),
(48,'Ingeniero'),
(49,'Seguridad'),
(50,'Gerente operaciones'),
(51,'Gerente administrativo'),
(52,'Auxiliar RH'),
(53,'Cuentas por pagar'),
(54,'Soporte ingenieria'),
(55,'Auxiliar contable'),
(56,'Import-Export'),
(57,'Compras'),
(58,'Chofer'),
(59,'Desconocido');
/*!40000 ALTER TABLE `positions` ENABLE KEYS */;
UNLOCK TABLES;

--
-- Table structure for table `products`
--

DROP TABLE IF EXISTS `products`;
/*!40101 SET @saved_cs_client     = @@character_set_client */;
/*!40101 SET character_set_client = utf8 */;
CREATE TABLE `products` (
  `Id` int(11) NOT NULL AUTO_INCREMENT,
  `Name` varchar(45) NOT NULL,
  PRIMARY KEY (`Id`),
  UNIQUE KEY `Product_UNIQUE` (`Id`),
  UNIQUE KEY `Name_UNIQUE` (`Name`)
) ENGINE=InnoDB AUTO_INCREMENT=24 DEFAULT CHARSET=utf8mb3 COLLATE=utf8mb3_general_ci;
/*!40101 SET character_set_client = @saved_cs_client */;

--
-- Dumping data for table `products`
--

LOCK TABLES `products` WRITE;
/*!40000 ALTER TABLE `products` DISABLE KEYS */;
INSERT INTO `products` VALUES
(23,'dasd'),
(22,'fdsfs'),
(1,'Product1');
/*!40000 ALTER TABLE `products` ENABLE KEYS */;
UNLOCK TABLES;

--
-- Table structure for table `relations`
--

DROP TABLE IF EXISTS `relations`;
/*!40101 SET @saved_cs_client     = @@character_set_client */;
/*!40101 SET character_set_client = utf8 */;
CREATE TABLE `relations` (
  `Id` int(10) unsigned NOT NULL AUTO_INCREMENT,
  `MaterialId` int(11) NOT NULL,
  `MovementId` int(11) NOT NULL,
  `Amount` float NOT NULL,
  `Active` tinyint(4) NOT NULL DEFAULT 0,
  `RealAmount` float NOT NULL,
  PRIMARY KEY (`Id`),
  KEY `relations_relation_1` (`MaterialId`),
  KEY `relations_relation_2` (`MovementId`),
  CONSTRAINT `relations_relation_1` FOREIGN KEY (`MaterialId`) REFERENCES `materials` (`Id`),
  CONSTRAINT `relations_relation_2` FOREIGN KEY (`MovementId`) REFERENCES `movements` (`Id`)
) ENGINE=InnoDB AUTO_INCREMENT=1321 DEFAULT CHARSET=utf8mb3 COLLATE=utf8mb3_general_ci;
/*!40101 SET character_set_client = @saved_cs_client */;

--
-- Dumping data for table `relations`
--

LOCK TABLES `relations` WRITE;
/*!40000 ALTER TABLE `relations` DISABLE KEYS */;
INSERT INTO `relations` VALUES
(1319,110,517,100,1,100),
(1320,110,518,200,1,200);
/*!40000 ALTER TABLE `relations` ENABLE KEYS */;
UNLOCK TABLES;

--
-- Table structure for table `users`
--

DROP TABLE IF EXISTS `users`;
/*!40101 SET @saved_cs_client     = @@character_set_client */;
/*!40101 SET character_set_client = utf8 */;
CREATE TABLE `users` (
  `Id` int(11) NOT NULL AUTO_INCREMENT,
  `EmployeeId` int(11) DEFAULT NULL,
  `UserName` varchar(80) NOT NULL,
  `Password` varchar(255) NOT NULL,
  `Perm_assistance` varchar(1) NOT NULL DEFAULT 'n',
  `Perm_employees` varchar(1) NOT NULL DEFAULT 'n',
  `Perm_productivity` varchar(1) NOT NULL DEFAULT 'n',
  `Perm_users` varchar(1) NOT NULL DEFAULT 'n',
  `Perm_assistance_areas` varchar(300) DEFAULT 'NULL',
  PRIMARY KEY (`Id`),
  UNIQUE KEY `UserName` (`UserName`)
) ENGINE=InnoDB AUTO_INCREMENT=17 DEFAULT CHARSET=utf8mb3 COLLATE=utf8mb3_general_ci;
/*!40101 SET character_set_client = @saved_cs_client */;

--
-- Dumping data for table `users`
--

LOCK TABLES `users` WRITE;
/*!40000 ALTER TABLE `users` DISABLE KEYS */;
INSERT INTO `users` VALUES
(11,NULL,'admin','$2b$10$Hg3frDGLMUaZKEXtx98M0O.amst7TTEp1L8/oociVtJ0DWPcBPeUe','w','w','w','w','all'),
(12,NULL,'Secundario','$2b$10$XezWA7wsLJGN5079dA7HVu77BlaFzJtS83lOXUpHr85PtMeFxKtee','w','r','r','r','Calidad general,Cono,Staff,'),
(13,NULL,'Tercero','$2b$10$O9xm93Qiw.bLqdq.YLRC9OAsPCkuyCm.w32sFnXGr1vyCnl7ZL/KC','n','n','r','r','Calidad general,'),
(14,NULL,'User1','$2b$10$IN7v8ki3jRBdpXd2Lkbk4elsY9vFvZZ07NWFhKhPccwYd.CaF4YBO','w','n','n','n','Cono,CSI CB,CSI CM,Headrest,'),
(15,NULL,'Angeles','$2b$10$hLVjPzMrM7rRAKx1KP.m6.b.TXHfyqT1W2eCRBscM2pAVNSi8Ezze','w','n','n','n','CSI CB,CSI CM,Headrest,'),
(16,NULL,'RH','$2b$10$NtNt9jxgp9oLx2pUIRsb5OdPwCSNeCrJg9hw7vmpO65fqi4kXiKDW','r','r','n','n','all');
/*!40000 ALTER TABLE `users` ENABLE KEYS */;
UNLOCK TABLES;

--
-- Table structure for table `vacationreq`
--

DROP TABLE IF EXISTS `vacationreq`;
/*!40101 SET @saved_cs_client     = @@character_set_client */;
/*!40101 SET character_set_client = utf8 */;
CREATE TABLE `vacationreq` (
  `Id` int(10) unsigned NOT NULL AUTO_INCREMENT,
  `Days` tinyint(3) unsigned NOT NULL,
  `EmployeeId` int(11) NOT NULL,
  `RequestDate` date NOT NULL,
  `StartDate` date NOT NULL,
  `EndDate` date NOT NULL,
  `Approved` tinyint(1) NOT NULL DEFAULT 0,
  `Year` smallint(5) unsigned NOT NULL,
  `WithSalary` tinyint(3) unsigned NOT NULL,
  `WithoutSalary` tinyint(3) unsigned NOT NULL DEFAULT 0,
  `WorkDay` date NOT NULL,
  `Worked` tinyint(3) unsigned NOT NULL,
  `Enjoyed` tinyint(3) unsigned NOT NULL,
  PRIMARY KEY (`Id`),
  KEY `vacationreq_relation_1` (`EmployeeId`),
  CONSTRAINT `vacationreq_relation_1` FOREIGN KEY (`EmployeeId`) REFERENCES `employees` (`Id`) ON DELETE NO ACTION ON UPDATE NO ACTION
) ENGINE=InnoDB AUTO_INCREMENT=6 DEFAULT CHARSET=utf8mb4 COLLATE=utf8mb4_general_ci;
/*!40101 SET character_set_client = @saved_cs_client */;

--
-- Dumping data for table `vacationreq`
--

LOCK TABLES `vacationreq` WRITE;
/*!40000 ALTER TABLE `vacationreq` DISABLE KEYS */;
/*!40000 ALTER TABLE `vacationreq` ENABLE KEYS */;
UNLOCK TABLES;
/*!40103 SET TIME_ZONE=@OLD_TIME_ZONE */;

/*!40101 SET SQL_MODE=@OLD_SQL_MODE */;
/*!40014 SET FOREIGN_KEY_CHECKS=@OLD_FOREIGN_KEY_CHECKS */;
/*!40014 SET UNIQUE_CHECKS=@OLD_UNIQUE_CHECKS */;
/*!40101 SET CHARACTER_SET_CLIENT=@OLD_CHARACTER_SET_CLIENT */;
/*!40101 SET CHARACTER_SET_RESULTS=@OLD_CHARACTER_SET_RESULTS */;
/*!40101 SET COLLATION_CONNECTION=@OLD_COLLATION_CONNECTION */;
/*!40111 SET SQL_NOTES=@OLD_SQL_NOTES */;

-- Dump completed on 2024-02-23 14:53:39
